examId,content,options,imagePath,answer
1,看到網友所整理、分享某事件的資訊懶人包，請問你應該如何辨識其可信度？		,"['按讚或分享的數量越多，表示其內容必定正確', '依據作者的知名程度判斷，知名度越高越真實', '內容若是圖文並茂，顯示作者用心整理，值得信任', '內容如果僅有單一面向的論述與說法，則要注意是否偏頗失真', None]",/Image/38551464-705b-4135-a871-cca46da330c4.jpg,3
2,想要瞭解正確的醫療保健常識，以下哪個網站查詢的資訊可信度較高？,"['政府衛生單位網站', '醫藥產品網站', '入口網站的知識區', '熱門部落格', None]",/Image/73b70dbd-7125-4dd0-9407-cac9ace3c255.jpg,0
3,收到朋友寄來的電子郵件，內容提到某些沐浴乳含甲醛、鮮乳含禁藥等訊息時，你應該怎麼辦？,"['趕快轉寄給其他朋友提醒他們', '向相關單位查證', '以後再也不使用沐浴乳或是喝鮮乳', '在自己的部落格上也張貼相關資訊，提醒大家', None]",,1
4,以下何種網路內容對兒童及青少年身心發展可能有害，應該避免接觸？,"['描述觀看電影後的心得與感想', '描述賭博、吸毒、販毒等犯罪行為', '自助旅行的遊記', '烘培蛋糕的食譜', None]",/Image/7649c564-5445-4ec1-a856-f190cf1d352e.jpg,1
7,當發現自己的社群服務頁面出現色情廣告留言或奇怪網址的超連結，下列何種因應方式為「錯誤」？,"['立即移除不當內容的貼文', '點選該連結，檢查一下是否真的包含色情內容', '向網站管理者檢舉不當留言，請管理者進一步處理', '封鎖大量濫貼廣告或色情文字、網址的使用者', None]",,1
9,某男子因在網路上轉貼裸露照片而被判拘役55天。在網站上張貼、散布或販售色情與猥褻圖文、影片屬違法的行為。請問下列相關敘述何者有誤？	,"['可能觸犯刑法', '可能會被處以二年以下有期徒刑、拘役或科或併科三萬元以下罰金', '只是轉貼他人提供的色情圖文或影片，並不會違法', '如果散布的是未滿18歲的猥褻圖片或影片，還會被處以更重的刑責', None]",/Image/a5d2ea50-e7ec-4d60-aed3-f54435a18f86.jpg,2
10,請問於公開論壇、部落格留言版、社群網站、或用E-mail散布誹謗他人言論，是否違法？			,"['不是，因為公民有言論自由', '不是，因為謾罵是在抒發情緒', '是的，這樣的行為可能會涉及刑法第310條的誹謗罪', '只要以匿名的方式發言，就不必擔心違法', None]",/Image/266367a9-c56c-4313-97b1-ea7f8b3e77a7.jpg,2
11,網路上偶爾會出現為了吸引網友關注而散布虐待動物的影片及照片，請問這是否涉及觸法行為？,"['動物保護法已明確規範不得散布虐待動物之影像', '目前尚無法可管', '這些人只是因為好玩而轉貼在自己的網站上，並沒有違法', '只是動物照片不是人類照片，因此不違法', None]",,0
12,張貼下列何種網路資訊，最有可能構成犯罪行為？,"['最新款智慧型手機開箱文', '販賣醫生處方藥', '販賣二手摩托車', '自製的搞笑動畫', None]",/Image/7ece6f49-77d1-42c7-9fcd-b00d4515ea44.jpg,1
13,當我們面對網路上各式各樣的資訊時，看到下列哪一個特徵時，可能要想想這個資訊是否客觀？,"['簡單明瞭的網頁畫面', '有知名的廣告商贊助', '沒有多餘或閃爍的符號', '由政府單位發布', None]",,1
14,面對網路上的各種資訊，下列何者「不是」評估網路資訊可信度的面向？,"['搜尋作者的名字，以間接證實資訊作者的存在', '察看網站贊助者，瞭解發布網站的目的或動機', '留意網站設計的美觀性、背景顏色是否常更新', '留意資訊是否有錯別字、內容是否過於戲劇性誇大', None]",/Image/9d49e42e-3de2-4c02-a31b-6f12083eeda4.jpg,2
15,我們如何判斷網路上的資訊具有客觀性？,"['資訊內容不偏頗、分析說明有條理', '資訊包含廣告與作者自身的觀點', '網站中的資訊是為了推銷商品', '網站有知名藝人代言，且購物免運費', None]",,0
16,對於網路謠言的敘述哪一個是「錯誤」的？		,"['利用多媒體技術，可製造合成照，更可提高網路謠言的可信度', '散布網路謠言除了引起誤會外，還可能會觸犯法律', '既然網路上的人都相信，那這樣的訊息應該是正確的', '網路謠言散布的動機可能是惡作劇，也可能是善意的提醒', None]",,2
17,瀏覽網路上的資訊時，我們如何看出該資訊是否具有權威性？,"['資訊有清楚註明作者的聯繫方式。', '資訊的作者具有發布資訊的資格。', '網站有註明資訊的發布者及單位。', '網站內幾乎都是英文，很少中文。', None]",,2
19,網路購物目前相當風行，但在網路上販售什麼物品是違法的？		,"['二手衣物', '槍械', '食品', '機票', None]",,1
20,在網路上看到很多人推薦的「吃檸檬蝦當心砒霜中毒」文章，請問你應該如何反應？			,"['既然有那麼多網友推薦，那可信度一定很高，以後再也不吃檸檬蝦了', '上網發布文章，提醒大家拒吃檸檬蝦', '馬上轉寄連結給其他親友，提醒大家要注意', '可向「衛生福利部食品藥物管理署」求證', None]",/Image/c8561ace-96cf-4539-88ee-bd34d2b587da.jpg,3
21,收到一封標明「可樂混合味精等於 FM2，女性朋友請小心」的轉寄郵件，應該怎麼處理？,"['趕快轉寄給女性好友，提醒她們要當心', '自己在家試驗看看', '可向「衛生福利部食品藥物管理署」求證', '問問看其他網友的意見', None]",,2
23,網路拍賣商品五花八門，請問下列哪一項商品可以在網路上販售？,"['日本最夯的眼藥水', '高麗人蔘', 'OK繃', '手工水餃', None]",/Image/b777522d-205c-426d-a7c8-e3ac07948c81.jpg,3
24,社群網站上也經常出現不適宜的內容圖片或文字，以下有關臉書的敘述何者有誤？		,"['臉書沒有不可發布暴力、色情、虐待內容的規定', '臉書資訊不分級，色情、誘惑資訊太多', '臉書容易遭網友利用，發出恐嚇信或傳血腥照片', '臉書好友傳來的訊息，內容可能不是來自本人', None]",,0
25,下列哪一個免費 Wi-Fi 可能較為安全？,"['iTaiwan', 'iLove', 'iSeeYou', '小智的Phone', None]",,0
26,下載或使用App時，會出現授權請求說明需要存取手機的某些功能，若沒有注意授權內容可能會造成什麼風險？,"['洩漏個人資料', '下載之後無法使用', '只是一些文字敘述，不需理會', '智慧型手機故障', None]",,0
27,添購新手機後，舊手機應該怎麼處理才不會造成個資外洩？請選出「錯誤」的答案。						,"['手機資料全部刪除', '徹底將手機銷毀', '直接把手機賣給其他人', '將手機恢復原廠設定', None]",/Image/3bf8352d-8462-4330-a568-4cc8f22b01a8.jpg,2
29,現今許多廣告、海報會印出 QR Code，當我們在掃描QR Code時應該注意哪些事項才能確保安全？,"['掃描後直接就開啟連結', '掃描後在開啟之前要先辨識連結網址的合理性', '掃描後直接下載要求安裝的軟體', '導到奇怪的網址也不用理會', None]",/Image/c933823f-4770-4911-a927-6c05274f9435.jpg,1
31,智慧型手機內包含許多重要個人資料，如照片、通訊錄等，定期備份也很重要，請問下列何者「不是」手機資料備份的主要原因？,"['行動裝置較容易遺失或遭竊', '避免行動裝置當機導致資料遺失', '避免個人資料外洩', '避免資料受損或不小心銷毀', None]",,2
32,當你決定要回收或賣掉舊的智慧型手機時，應該注意？,"['要將智慧型手機的保護貼撕下來才能回收', '只要把SIM卡拿出來就可以安心的將手機賣掉或回收', '將手機內的個人資料或檔案備份後，徹底刪除', '要將下載的付費App刪除後才能回收', None]",,2
34,許多惡意程式會偽裝成一般App 並在網路上提供下載安裝，使用者安裝這類 App 後可能會有哪些結果？,"['惡意程式會在手機裝置內開啟後門，讓駭客從中竊取各類資料', '手機會自燃與爆炸', '手機螢幕會出現多道裂痕，導致看不清楚畫面', '手機保護貼會自動脫落', None]",,0
37,智慧型手機可以讓使用者儲存大量的個人行事曆、通訊錄、照片、文件等資料，和電腦一樣，智慧型手機也需要進行定期備份，以下何者「不是」備份的原因？,"['智慧型手機可能因為摔在地上受損，導致資料無法讀取。', '因為備份可以阻擋電腦病毒攻擊智慧型手機。', '因為智慧型手機可能比電腦更容易遺失或遭竊。', '智慧型手機零件可能損壞造成資料毀損。', None]",,1
38,越來越多地點提供免費Wi-Fi服務，利用免費Wi-Fi連上網時，應該要有哪些正確的認知？,"['應盡量避免使用無需加密的無線基地臺來連網', '無線上網因使用技術不同，因此不需要注意行動裝置的防毒、更新等問題', 'Wi-Fi 連線通常較 3G/4G上網速度要快，所以比較安全', '電腦病毒只會透過有線的上網環境進行傳染', None]",,0
45,如果家裡的無線網路遭人盜用，可能是哪一項設定有疏失？,"['無線網路未設定加密', '無線基地臺預設管理密碼未修改', '未關閉 SSID 廣播', '以上皆有可能', None]",,3
46,使用無線上網時，如果電腦搜尋到免費的網路，應該如何處理？,"['免費的網路連線多半是政府提供，所以可以放心使用', '可以偷連線，看看別人的電腦資料', '不要使用，因為透過不明連線傳輸資料，可能會被竊取', '不要使用，以避免收到垃圾郵件', None]",,2
47,駭客透過無線網路熱點 (Hotspot)，入侵企業網站或民眾電腦，成為新的犯罪手法。請問應該如何正確使用無線網路？,"['多使用免費的無線網路', '用無線網路傳輸重要資料，應進行加密', '無線網路比有線網路安全，所以資料傳輸不需加密', '使用信用度較高的無線網路', None]",,1
48,某款智慧型手機的作業系統被發現有漏洞，讓有心人士可以透過多媒體簡訊入侵手機。請問以下何項處理方式是「錯誤」的？,"['可先關閉多媒體簡訊功能', '下載作業系統廠商所提供的更新程式', '可以不必處理，因為智慧型手機中沒有重要資料', '持續注意作業系統廠商所提供的系統修復程式相關訊息', None]",,2
50,某款智慧型手機被發現有安全漏洞，駭客可輕易操控手機，進行犯罪活動。請問若你有使用這款手機，最好如何處理？,"['關機取出 SIM卡，再裝回且重新開機', '趕快設定開機密碼', '到廠商的官方網站下載安裝更新程式', '更換開機密碼', None]",,2
51,關於無線網路安全措施，何者「不適當」？,"['更改基地臺預設的SSID (Service Set ID)，避免被猜測', '所有無線網路基地臺均應提供WEP加密服務', '應建立控制清單，設定只有特定的MAC位址才可使用該基地臺的服務', '使用開放式認證系統，讓使用者只要接上無線網卡即可使用', None]",,3
52,下列那一項是無線網路跟有線網路比較，無線網路才有的特點？,"['支援連線加密', '無線廣播訊號', '遭受駭客攻擊', '檔案傳輸速度較快', None]",,1
53,下列何者「不能」增進行動裝置使用的安全？,"['安裝防毒軟體', '設定使用者驗證機制', '加密資料', '連上網際網路', None]",,3
54,下列那一項「不是」保護筆記型電腦、平板電腦、智慧型手機等行動裝置的安全措施？,"['設定登入密碼', '機不離身', '必要時才開啟藍芽功能', '加記憶體', None]",/Image/d5183a95-d717-433c-958a-4ed837417bbd.jpg,3
55,小萱收到一封訊息，內容說只要加入百貨公司瘋狂搶購粉絲團，即可享有千元優惠。請問下列哪個處理方式是「錯誤」的？,"['不理會此訊息。', '與服務人員確認活動之真實性。', '封鎖訊息發送者，以絕後患。', '立刻加入瘋狂搶購粉絲團。', None]",,3
56,阿飛為了讓家人能更方便使用網路，於是在家安裝了無線網路分享器。以下有關無線網路的設定何者正確？				,"['無線分享器登入之帳號密碼，可以不用設定與修改', '無線網路可以不用設定密碼，分享給其他不認識的人使用', '無線網路應設定密碼，並不輕易分享給不認識的人使用', '無線網路應設定密碼，但不要太複雜，以免忘記密碼無法上網', None]",/Image/d3195727-30a0-4920-add2-3bf7dfc70bbe.jpg,2
57,小玫帶著筆電到咖啡館寫報告，突然同事來電要求立即E-mail一份重要文件，請問這時小玫應該如何上網來傳送這份重要文件比較安全？,"['搜尋附近的無線基地臺，然後任選一個，進行網路連線', '讓筆電透過自己手機的無線上網功能，進行網路連線', '使用別人提供的熱點，進行網路連線', '使用咖啡店提供的無線網路，進行網路連線', None]",,1
58,很多人家中裝有無線網路，為了提高無線上網的安全性，請問下列敘述何者有誤？,"['必要時，應考慮隱藏無線網路名稱', '無線網路連線的密碼，應符合密碼複雜度要求（8碼以上英數字與符號混和）', '密碼設定只需要4碼就足夠', '定期更換無線網路連線密碼', None]",,2
59,小香買了一支新手機，並打算要把舊手機送給朋友使用。請問小香對舊手機的處理，下列敘述何者「錯誤」？,"['直接把手機送給朋友就好，沒有什麼要處理的。', '將手機恢復原廠設定。', '清空手機內的通訊錄、簡訊等資料。', '可將記憶卡的資料備份並轉移到新手機。', None]",,0
60,使用無線網路時，如果發現有其他不明的無線連線可供使用，應該如何處理？,"['可以放心使用免費的連線', '可以使用，以便偷看別人的資料', '不要使用，以免資料被竊取', '不要使用，以免收到垃圾郵件', None]",,2
61,阿傑每天都會利用社群網站與朋友聯繫感情，請問以下哪一種行為可能會導致阿傑的個人資料外洩？	,"['不開啟來路不明的連結或檔案', '填寫個人資料時，不要照實填寫所有的欄位', '所有的網路服務都使用同一組帳號密碼', '儘量減少安裝不必要的應用程式', None]",,2
62,澳洲曾發生一名少女將大疊鈔票照片上傳到臉書，導致搶匪依少女公開在網路上的地址，直接上門搶劫。關於此案例，以下說明何者有誤？	,"['在網路上炫耀金錢或奢侈品可能會為自己帶來生命上的危害', '個人網頁是我們與朋友互動的最佳管道，應將生活瑣事鉅細靡遺的記錄下來', '張貼在個人網頁上的文字或照片應避免涉及個資隱私', '使用社群網站時，應將朋友逐一分類，並進行不同的隱私設定', None]",/Image/3d07389d-8950-4c38-8e4f-73dd20a12cc3.jpg,1
63,以下何者的個人資料不在個資法的保護範圍內？,"['已死亡者', '尚未入學的孩童', '未成年者', '80歲以上的年長者', None]",,0
64,小紅最近登入社群網站時，網頁側邊總是顯示北海道旅遊的相關廣告，關於此情形，以下敘述何者「不正確」？,"['小紅最近可能在社群網站發布了有關北海道旅遊的文章', '小紅最近可能經常上網搜尋北海道旅遊的資訊', '小紅最近可能在社群網站上某個「北海道旅遊」的社團按過讚', '應該只是巧合而已，沒什麼好大驚小怪的', None]",/Image/5499f5c4-d9c6-4952-b084-1fee44510430.jpg,3
65,將人肉搜索的結果公布在網路上，如果公布的資料無關公眾利益，可能會觸犯何種法律？,"['著作權法', '國家機密保護法', '個人資料保護法', '專利法', None]",,2
67,挨家挨戶將廣告傳單投遞到住家信箱中，是否有違反個資法的問題？,"['己違反個資法，因為廣告傳單是垃圾郵件', '已違反個資法，因為住戶沒有同意他投遞廣告傳單', '沒有違反個資法，因為大家都這麼做', '沒有違反個資法，因為投遞者沒有蒐集住戶的個人資料', None]",,3
68,使用行車記錄器蒐集影像資料是否違反個資法？,"['沒有違反個資法，因為大家都在使用', '違反個資法，因為可能會被網友用於人肉搜索之用途', '沒有違反個資法，因為蒐集到的影像資料並沒有辦法跟特定人連結', '違反個資法，因為影像資料屬於個人資料', None]",,2
69,下者何者「不是」個人資料保護法之立法目的？,"['進行個資案件之集體訴訟', '規範個人資料之蒐集、處理及利用', '促進個人資料之合理利用', '避免人格權受侵害 ', None]",,0
71,使用者在填寫網站資料時，下列何者算是「選擇退出」(opt-out)的例子？,"['勾選我要的服務項目', '勾選一種帳單寄送的方式', '勾選我不同意公開的個人資訊', '勾選同意網站業者處理我資料的方式', None]",,2
72,我國「個人資料保護法」主要目的為避免人格權受到侵害，請問其中所指的個人資料「不包含」下列哪一項？,"['教育與職業', '健康與病歷', '胖瘦與容貌', '電話與地址', None]",,2
73,收到不知名的網站主動寄發的電子郵件，內容為點選連結加入會員就送贈品，請問，適當的處理方式為何？,"['立刻依照要求填寫個人資料', '不應理會，將信件刪除', '回信詢問對方詳細情況', '收到禮物後馬上把會員資料改成假的', None]",/Image/e59ea558-4d2e-4e38-8e9e-d47c08bbc5a3.jpg,1
74,玩線上遊戲想要結交戰友時，你最好怎麼做？,"['在留言版上公開徵求，並留下自己的聯絡資料', '採私下聯絡方式，例如電子郵件、訊息、悄悄話功能', '直接對線上所有人送出包含個人資料的即時訊息，以顯示交友的誠意', '把自己的聯絡方式寫在暱稱上面，這樣最一目了然', None]",,1
75,參加網站抽獎活動輸入個人資料時，應注意什麼？,"['應詳閱網站的保密政策（隱私權政策），瞭解個人資料的使用範圍', '應注意網站提供的贈品是否符合需求', '應注意抽獎活動的中獎機率', '應注意活動的參與人次是否熱門', None]",,0
76,如果懷疑自己的帳號被盜用時，應如何因應？,"['請系統管理員鎖定帳號', '請系統管理員刪除帳號', '馬上變更密碼', '將電腦裡的檔案清空', None]",,2
77,網站個人資料外洩事件頻傳，請問以下有關網路上保護個人資料的做法，何者「不恰當」？,"['非必要時，不要留下完整的個人資料', '即使是自己的部落格，也不公開地址、電話等詳細資料', '積極參加網路抽獎活動，並且一定要留下完整的個人資料，便於主辦單位通知', '使用公用電腦時避免輸入自己的帳號密碼', None]",/Image/f9cc68f8-4a87-409a-a342-e1bf6f2c8306.jpg,2
78,在學校、圖書館或網咖使用公用電腦時，進行哪些行為比較安全？,"['瀏覽不需登入帳號密碼的網站', '操作網路銀行', '收發電子郵件', '進行網路購物', None]",,0
79,駭客破解密碼入侵網路相簿，造成民眾私密照片外洩事件層出不窮。請問下列何種方法「無法」降低私密照片外洩的可能性？	,"['將網路相簿設定為公開', '防範電腦遭植入惡意程式', '私密照片不要上傳到網路上', '將網路相簿設定英數字加符號混合的密碼', None]",/Image/a38e914b-00b0-435f-b26a-81a9ac093f32.jpg,0
81,依照我國現行法律，下列何者可能「不是」侵害隱私的情況？,"['我在某銀行網站登錄的個人資料被賣到其他銀行', '網站用 Cookies 記錄我這臺電腦的 IP 位址與活動', '我在網路相簿中的照片被拿去徵一夜情', '我在家中的私密活動被偷拍公布在網站上', None]",,1
83,當我們使用網路服務時，以下何者「不是」尊重他人隱私的方式？,"['收到 E-mail時，儘量不要轉寄給不相干的人', '在部落格裡儘量不要討論別人的私人事務', '在 BBS 版上罵人不要說真名，罵暱稱就好', '除非獲得同意，不要在網路留言版上公布別人的手機號碼', None]",,2
84,偷看他人寫的私人電子郵件，違背了下列哪個道德原則？,"['隱私', '正義', '尊重生命', '利他', None]",,0
85,關於隱私權的敘述下列何者「錯誤」？,"['網路是開放的空間，網路隱私是不受保障的', '隱私的基本精神是不受他人侵犯', '隱私有時是指「秘密」', '隱私事關人性尊嚴與個人主體性', None]",,0
86,網路世界中與隱私相關的法律為何？,"['憲法', '刑法', '個人資料保護法', '以上皆是', None]",,3
87,電腦已是現代人慣用的工具，其中存有相當多的個人資料或商業機密，以下哪一個「不是」保護個人資料的方式？,"['確實管理個人電腦的使用權限', '每次離開應用軟體時只要關閉視窗，不需要登出', '確實防範病毒、木馬程式等的入侵', '公用電腦使用後要記得清除歷史紀錄', None]",,1
88,下列何者「不是」我國「個人資料保護法」的重點？,"['此法的主要目的是促進個人資料之合理利用', '公務機關所蒐集的個人資料，必須是屬於職掌必要範圍內', '公務機關與非公務機關在收集個人資料時，適用規範完全一樣', '當事人的隱私權益受到損害，可以申請損害賠償', None]",,2
90,請問報所得稅時使用自然人憑證的用意為何？,"['加快網路傳輸速度', '保證報稅成功', '確保所填報的所得資料是正確無誤的', '確認報稅者的身分', None]",,3
93,使用公共電腦上網時，下列哪一個「不是」必須注意的安全事項？,"['使用時，應注意有沒有不明的程式正在執行', '使用時，應注意電腦有沒有安裝螢幕保護程式', '使用完，應登出系統或將電腦關機', '使用完，應清除網際網路瀏覽器的 Cookies', None]",,1
94,在網咖、圖書館等地方使用公用電腦，最好「不要」進行下列哪一項操作，以保護個人資料安全？,"['查詢資料', '登入網路銀行轉帳', '瀏覽影音網站', '玩打發時間的小遊戲', None]",,1
95,一名英國青年在買來的二手手機中，發現了許多名人的手機號碼，造成名人隱私有被洩漏的危機。請問下列敘述何者「正確」？	,"['名人是公眾人物，他們的個人資料沒有隱私權問題', '這名青年可以將相關資料出售', '出售手機或不再使用的舊機，應刪除所有重要資料', '有機會跟名人對話，趕快打看看會不會接通', None]",/Image/c3794cdf-ee23-4287-9d05-472f5ff39743.jpg,2
96,一對表兄弟在網咖安裝木馬程式，只要顧客上網玩特定的線上遊戲，就會被盜取帳號和密碼。請問下列敘述何者「錯誤」？,"['使用公用電腦時，應注意有沒有不明程式自動執行', '因為線上遊戲都是虛擬的，所以這對表兄弟並無觸法', '應避免在公用電腦上，輸入需要帳號密碼的服務', '盜取帳號和密碼的地點在網咖，故網咖負責人需負法律責任', None]",,1
97,請問在哪種環境下使用網路報稅較為安全？,"['用網咖的電腦報稅', '在賣場使用免費的電腦', '在安裝防毒軟體且定期掃毒的個人電腦', '使用圖書館公用電腦', None]",,2
99,曾有民眾在求職網站填寫履歷時，因不瞭解功能設定，結果個人資料完全曝露了。請問對於上網求職，下列何者正確？,"['應先詳讀網站對於保護隱私權的聲明和使用功能說明', '應填寫假的履歷資料，預防個資外洩', '刊登履歷只要曝光度高就好', '不要使用求職網站', None]",/Image/17616327-5593-4ee2-ae98-c6eebb9ad0cd.jpg,0
100,在網站留下個人資料前，應該要注意下列哪一事項？,"['仔細閱讀該網站的隱私權保護聲明，確認自已的個資如何被保護', '確認該網站是否在臺灣註冊', '確認該網站是否為知名大公司', '確認是否能夠參加抽獎', None]",/Image/fa3a3968-c63d-47a5-b59c-2433192f3aa1.jpg,0
102,使用 facebook 等社群網站時，下列哪些措施有助於保護個資隱私？,"['避免提供完整且詳細的個人資料', '勿隨意點選朋友或粉絲提供的網址連結', '經常更新密碼與病毒碼', '以上皆是', None]",,3
104,數位簽章是一種數位應用，可用來驗證使用者身分，下列那一項「不是」數位簽章的特性？,"['沒有使用期限', '具有法律效力', '可以確認所簽署電子文件的完整性', '資料加密', None]",,0
107,在網路上購物要輸入信用卡資料時，應該注意什麼安全事項？,"['信用卡到期日是否有效', '注意瀏覽器是否有使用SSL加密', '信用卡付費是否有優惠或回饋金', '信用卡付費是否有抽獎機會', None]",,1
110,為什麼有些網站因為長期保留網路紀錄 (Cookies)，而引發侵犯隱私的批評？,"['電子郵件帳號密碼可能被竊取', '網路紀錄 (Cookies)檔案很大，會佔用磁碟空間', '網站可能會收集使用者的交易行為及瀏覽紀錄', '駭客會更容易竊取使用者的資料', None]",,2
111,一名美國大學生曾在駭客大會上，展示如何透過網路紀錄 (Cookies)竊取個人資料。請問為什麼網路紀錄 (Cookies)會令駭客有機可乘？,"['因為它是一種惡意的間諜程式', '因為它記錄使用者瀏覽網頁的資訊、帳號與密碼', '因為它是新的網路連線技術', '因為它是新的電腦病毒', None]",,1
112,為什麼連線到某些網站時，網站會自動顯示我的會員帳號？,"['因為電腦遭植入木馬程式', '因為電腦遭植入間諜軟體', '因為電腦被植入外掛程式', '因為該網站在電腦寫入網路紀錄 (Cookies)', None]",,3
113,請問網路紀錄 (Cookies)可能會記錄使用者的哪些個人資訊？,"['電腦開機時，輸入的帳號及密碼', 'Wi-Fi連線的帳號及密碼', '智慧型手機螢幕解鎖的帳號及密碼', '在該網站的瀏覽紀錄與登入的帳號及密碼', None]",/Image/a60cb690-82c3-438b-b918-430aba42d45d.jpg,3
114,臺北市一名張姓女子因為將網拍密碼設成與帳號一樣，結果帳號遭盜用且淪為詐騙案主謀。請問下列哪個是比較安全的密碼？,"['家裡電話號碼', '自己的生日', '使用大小寫英文加數字混合，且長度超過8位', '身分證字號', None]",,2
115,購物臺與網路購物接連發生個資外洩事件，甚至傳出每筆資料只賣0.5元。請問有關防範方法，下列何者「錯誤」？,"['業者必須負起全責，因為這和民眾是否做好防護措施無關', '公司行號處理重要資料，應設權限控管及審核機制', '員工應遵守公司的保密規定，以及各項使用規範', '挑選網路安全防護機制較高的網站進行交易', None]",,0
116,使用網路相簿存放照片時，應該選擇哪一組密碼比較安全？,"['家人的生日', '我的手機號碼', '我的英文名字+生日', '使用大小寫英文加數字混合，且長度超過8位', None]",,3
117,公司福委會為辦理團體保險，蒐集員工姓名、生日及身分證字號等個人資料，應該怎麼將資料提供給保險公司業務人員比較安全？		,"['將保險資料直接E-mail給保險公司業務人員', '將保險資料直接放在網路的分享區，讓保險公司業務人員下載', '將保險資料壓縮後，E-mail給保險公司業務人員', '將保險資料壓縮加密後，E-mail給保險公司業務人員', None]",/Image/a7bd4d20-e1bf-4b78-8db5-41b0a4dc2836.jpg,3
118,下列有關於個人資料的類別，何者是可以直接識別單一個人的？,"['血型', '出生年月日', '身分證字號', '性別', None]",,2
119,在個人電腦上存放個人履歷、生活記事與照片，應該如何保護檔案安全？,"['與他人共用電腦', '取消設定登入帳號與密碼', '將檔案另外加密儲存', '將所有資料夾設定分享', None]",,2
120,在公用電腦登入社群網站時，下列應注意事項何者有誤？,"['確認電腦沒有在執行奇怪的應用程式', '取消記憶帳號與密碼的功能', '將重要的資料檔案下載儲存在新的資料夾', '使用完畢後刪除網頁cookies', None]",,2
121,透過網路進行人肉搜索，可能會產生下列何種問題？,"['從網路上蒐集到的資料都是公開資訊，不會有問題', '隨意公開蒐集到的個人資料，可能會觸犯個人資料保護法', '人肉搜索的行為已經觸犯刑法', '網路搜尋不會留下任何紀錄，不可能會被追蹤到', None]",,1
122,一名少女在男友電腦中存有兩人親密影片，結果被P2P軟體散布到網路上。請問下列相關敘述何者「正確」？,"['分享猥褻影片將觸犯妨害風化罪。', '如果上傳的是自己影片，就不違法。', '張貼轉寄他人的猥褻影片，並不違法。', '會觸犯民法。', None]",,0
123,學生在課堂中完成的優良作文或繪畫作品，掃描並放置在網路上供大眾觀賞，是否受著作權法的規範？下列敘述何者「不正確」？,"['只要是作者個人的努力創作成果，均受到著作權法的保護', '在網路上供大眾欣賞學生作品時，應在作品旁標註作者名稱，保障其著作人格權', '學生因為是未成年人，故其著作並不受到著作權法的規範', '將學生的繪畫作品展示在學校走廊，也是屬於著作的利用行為，須遵守相關規範', None]",,2
124,透過網路拍賣自己已經使用過的盜版遊戲光碟片，請問這樣的行為是否合法？,"['因為是二手的，所以不會違法', '無論是否為二手商品，販售盜版光碟即是違法', '只是偶爾網拍家中不要物品，並非專職賣家，所以拍賣盜版光碟並無違法', '用假名在網拍平臺註冊並販售盜版光碟片，就不會有風險', None]",/Image/03030c7a-a653-4a31-99a7-295e9729b588.jpg,1
125,請問下列何種行為不屬於著作權「合理使用」的範圍？			,"['下載一篇雜誌文章到電腦中供自己閱讀', '蒐集網路上的照片檔案至「我的圖片」資料夾中，提供自己在閒暇之餘欣賞', '引用媒體新聞報導中的某一段文字到自己的部落格中，註明來源出處並加以評論', '從網路下載整張專輯非合法授權的MP3音樂檔案到電腦中，讓自己在家聆聽', None]",/Image/e41fae5d-8fca-4120-9305-6fb52bfe856e.jpg,3
126,從網路下載圖片，然後加上文字與其他圖案，製作成為海報，這樣是否會違反著作權？,"['因為做出來的海報已和原圖有很大差異，所以沒有著作權的問題', '因為網站圖片來源不清楚，無從找到原作者，所以沒有著作權問題', '如果沒有經過原作者的同意或授權，可能會侵害其著作權', '要是該圖片有創用CC授權，就可以使用在任何用途，沒有違法', None]",,2
127,如果有人告知我的部落格轉貼文章為侵犯著作權法時，我立刻將該轉貼文章從網站中移除，這樣仍有法律責任嗎？,"['因為轉貼文章已移除，沒有侵權事實，故無法律責任', '當轉貼文章在部落格時就已構成侵權行為，無論事後是否刪除，侵權事實仍然存在', '在部落格中補充說明該轉貼文章的出處後，就可以合法使用無侵權', '網路上到處都是轉貼文章，所以應該沒有法律問題，也不需要移除', None]",/Image/222d33ff-1bf5-4712-b584-5fdc72f47972.jpg,1
128,過去曾發生許多網友以超連結方式分享影音平臺上的電影，而遭電影代理商控告侵權，請問只是張貼影片的超連結也算違反著作權法嗎？,"['可能違反著作權法，因為影音平臺上的影片不一定都有合法授權，若該影片為盜版，而網友以超連結方式提供影音檔案，可能會成為違反著作權法的共犯', '只要不以營利為目的，只是分享超連結是不會違反著作權法的', '只要影音平臺是正派經營，在其平臺上分享的影片就表示有合法授權', '只是轉貼影片的超連結，沒有提供該影片檔案，就算明知該影片是盜版，也不會侵害著作權', None]",/Image/58228cb1-6753-4176-b9ed-877800b812b7.jpg,0
129,當我在網路上看到某張照片以創用CC授權時，代表我可以免費使用該照片於自己的網站嗎？,"['可免費使用，因為原作者用CC授權，表示其願意公開分享', '只要標示出處，就可以放心利用該照片', '當著作權人提出侵權抗議時，再把他人的照片移除就沒有法律責任', '須依著作人設定的授權條件利用照片，一旦超過授權範圍，也有可能需要付費', None]",,3
130,收到電子郵件裡有好的文章、圖片、照片、影片等，可否轉寄給其他人分享？,"['必須取得授權，避免將有他人著作的電子郵件大量轉寄他人，因為可能涉及著作的「公開傳輸」', '只要轉寄純粹只是希望和大家分享，並無任何營利行為，就沒有關係', '收到轉寄來的電子郵件，多已轉寄多次，且原始來源不可考，再次轉寄給他人沒有違法之虞', '轉寄電子郵件是很常見的行為，所有人都在做，所以一定是合法的行為', None]",,0
131,著作權法中所指的「著作」種類為何？,"['語言、音樂、戲劇、舞蹈、美術', '攝影、圖形、建築、電腦程式、衍生、編輯著作', '視聽、錄音、表演著作', '以上皆是', None]",,3
132,我國著作權法對著作的保護，係採什麼主義？,"['註冊保護主義', '創作保護主義', '交易保護主義', '傳輸保護主義', None]",,1
133,具有公開上映權的是屬於哪一種著作？,"['語文著作', '音樂或戲劇、舞蹈著作', '電腦程式', '視聽著作', None]",,3
134,下列哪一種電腦作業系統是自由軟體 (free software)？ ,"['Linux', 'Windows 2000', 'Windows XP', 'iOS', None]",,0
135,為確保社會公眾可享有著作權人的作品利用空間及內容，不過度膨脹著作權人權利，法律在什麼樣的範圍內，特別加以規範？,"['任意使用', '過度使用', '合理使用', '規定使用', None]",,2
136,智慧財產權保障了人們基於思想進行創作活動而產生的無形產物，下列何者屬於智慧財產權所保障的範圍？,"['作文', '金錢', '珠寶', '房地產', None]",,0
137,當我們在網路上引用下列哪一種資料時，需特別注意是否會侵犯他人的著作權？,"['考選部公布的國家考試題庫', '2008年8月《科技與人文學術期刊》內的文章', '全國法規資料庫網站內的條文', '創用cc的四個授權要素圖示', None]",,1
138,小文參加高中職網路海報大賽，如果小文利用老師建議她的新點子來設計這張海報，請問這張海報的著作權是歸誰享有？,"['歸老師享有，因為是老師的點子，著作權當然屬於老師，不可侵犯', '歸小文享有，因為著作權法是保護著作的表達，不保護觀念、構想，小文自行創作之海報，著作權屬於小文的', '歸老師和小文所共有，因為是老師出的點子，小文實際做出海報來', '都不屬於兩人，歸該所高中所擁有，因為老師與小文都是屬於這高中的師生', None]",,1
139,阿偉將大頭買來的單機版作業系統程式灌進自己和妹妹的電腦中，心想自己真聰明賺到，請問是真的嗎？,"['真的，因為灌入的程式是正版的就可以了', '真的，因為自己和妹妹都是為了學校作業使用，非營利目的', '不是的，因為單機版的作業系統程式，只限1臺機器使用，同時安裝在多臺電腦內，是侵權行為', '不是的，因為這個單機版的作業系統程式有可能是盜版的，所以會觸犯偷竊罪', None]",,2
140,網路上流傳的日文旅遊書，芳芳想將它翻譯成中文張貼在自己的部落格。請問芳芳是否需要取得著作權人的同意或授權？	,"['需要，因翻譯屬於改作原著作的行為，除非符合合理使用，否則要經過著作權人的同意或授權', '不需要，因為翻譯後的中文版即屬於芳芳個人的著作', '如果芳芳只是放在部落格供人瀏覽，不是要拿來賺錢，就一定屬於合理使用，不需取得同意', '不需要，因為芳芳是在幫原作者免費做中文宣傳，原作者不會讀寫中文著作，所以不需取得同意', None]",/Image/f5612bb2-c2b5-482d-9366-c687769f0ac9.jpg,0
141,當我們在使用網路素材或電腦軟體時，以下哪一個行為是「正確」的？,"['進行廣告文宣製作時，可以自由利用他人放在網路上的文學或藝術作品', '音樂網站上的流行歌曲屬於著作的一種，受著作權法的保護', '我想利用從網路下載的德國音樂進行編曲，不必徵求著作財產權人的同意', '合法軟體所有人可以自己使用正版軟體，同時將備用存檔軟體借給別人使用', None]",,1
142,以下何者是著作權法之目的？,"['為了賺取著作品的費用，讓作者能藉由此法律向他人提出告訴', '保障著作人著作權益，調和社會公共利益，促進國家文化發展', '警告他人不可盜用原作，配合罰款跟刑法，極力提出處罰要則', '讓大眾共同來揪出盜版者，並訂立獎勵舉發制度，供大眾檢舉', None]",,1
143,依照著作權法，使用電腦和網路時，以下何者是正確的行為？,"['在別人的部落格上發現有趣的文章就直接把全文轉貼在自己的部落格', '購買正版 CD 後燒錄分享給親朋好友', '使用正版軟體', '下載盜版的音樂', None]",/Image/d1770edc-6141-4d9d-a5e9-b6ad8f9608d5.jpg,2
144,下列哪個行為是符合著作權法並符合道德的？,"['同一份論文同時投稿至兩個研討會，一個投上再撤掉另一個', '借用別人部落格中的文章，換上自己的名字刊登在自己部落格中', '在自己的部落格中加連結，連至別人的部落格', '研究論文中沒有註明引用文獻之出處', None]",,2
145,臺灣著作財產權的保護期間，原則上是著作人的生存期間，加上其死亡後幾年？,"['10年', '20年', '50年', '70年', None]",/Image/8f091004-ee31-4e9a-af5e-2eea389abf5f.jpg,2
146,智慧財產權保護人類精神智慧產物，賦與創作人得以專屬享有某些權利，其中包括哪些權利：,"['著作權', '專利權', '商標權', '以上皆是', None]",,3
147,著作人格權中「不包含」什麼權利？,"['公開口述權', '公開發表權', '姓名表示權', '禁止不當修改權', None]",,0
148,網路上的行為也受到智慧財產權的保護，以下哪一種權利不必到經濟部智慧財產局申請，就可享有？,"['專利權', '商標權', '著作權', '以上皆是', None]",,2
149,郝聰明15歲時在網路上寫了一篇文章，他在80歲的時候死亡，請問郝聰明這篇文章的著作財產權共存續了幾年？,"['50年', '65年', '80年', '115年 (80-15+50=115)', None]",,3
151,著作權法中對「重製權」的敘述，何者是「錯誤」的？,"['未經著作人同意，除非是合理使用，否則不得將他人著作加以重製', '老師為教學需要，將著作的一小部分給學生練習可算是合理重製', '轉寄 E-mail文章，不算是重製，所以並不會侵犯他人的著作權', '建築物也有著作權，但在知名建築前拍照留念可算是合理重製', None]",,2
152,拷貝正版電腦軟體會觸犯著作權法，以下何者「不是」著作權法的罰則？,"['以重製於光碟侵害他人之著作財產權者，處六月以上五年以下有期徒刑', '意圖銷售或出租而擅自以重製之方法侵害他人之著作財產權，處六月以上五年以下有期徒刑', '侵害著作人格權，處以吊銷身分證，並處以一年以上三年以下有期徒刑', '侵害公開口述權、公開播送權，處以三年以下有期徒刑', None]",,2
153,在日常生活中經常會出現複製影像或文字的行為，下列哪一個屬於合理使用的狀況？,"['為了留作紀念，觀光客到臺北101大樓前拍攝照片', '為了進行司法訴訟程序而重製著作', '中央機關、地方機關、各級學校或教育機構辦理各類考試而重製著作成為試題', '以上皆是', None]",,3
154,很多民眾經常使用 P2P 軟體下載影音檔案，請問下列有關 P2P 軟體的使用安全，何者「錯誤」？,"['有個人資料外洩的風險', '下載或分享檔案資料，不會有侵權行為', '所下載的程式可能含有病毒', '透過P2P下載的影音檔案來源不明，可能違法', None]",,1
155,在個人部落格上撰寫文章，如果要引用別人的資料，應該如何處理？,"['大量一字不漏的複製文字', '複製後可微幅修改', '徵求原作者的同意', '儘量修改，不要與原資料相同', None]",,2
156,個人電腦應該如何安裝所需的軟體？,"['到學校複製校園授權版', '安裝正版的授權軟體', '請親朋好友從公司複製一份', '幾位同學共同買一份，再複製供大家使用', None]",,1
159,請問在自己的部落格上播放音樂，會不會違反著作權法？		,"['只要不提供下載就絕對不會違法', '絕對不會違法，因為透過部落格的播放，可以幫唱片公司免費宣傳', '如果播放的是有著作權的音樂，且沒有取得著作權人授權就有可能違法', '只要不播放完整歌曲就絕對沒有違法的問題', None]",/Image/0bd02d8c-a869-48b8-bae2-de12628a8ee8.jpg,2
160,臺北市某廣告公司被查獲涉嫌侵害軟體著作權。請問有關公司的軟體使用，下列何者「錯誤」？,"['每個部門購買一份正版軟體與授權，再自行拷貝安裝', '使用非法軟體，公司負責人與員工皆有刑責問題', '購買軟體時，應注意通路的可信度，避免買到盜版', '買6套合法軟體版權安裝在部門的10臺電腦中，是違法的', None]",,0
161,調查顯示，臺灣有9成以上民眾不知道自己買到的軟體是否為盜版。針對軟體版權問題，下列敘述何者「正確」？,"['在家裡或學校宿舍使用盜版軟體並不違法', '盜版軟體可能暗藏病毒或木馬', '購買一份正版軟體後，可以不斷拷貝給親友使用', '下載網路上的破解版軟體是合法的', None]",,1
162,從國外的網站上看到的攝影作品，可以直接下載放在自己的網站上嗎？,"['可以，因為我國的著作權法只保護本國人的作品', '不可以，無論國籍都應尊重他人的智慧財產權', '可以，因為國外不易查到臺灣的網站', '可以，因為放在網路上的攝影作品就是公開的', None]",,1
163,寫論文報告時應如何利用他人的論文或文章，才算是合理引用且不違反著作權法？,"['因為論文是學術非營利用途，所以可以大量引用他人的作品', '不引用原文超過一半的內容，應該沒有問題', '少量引用且註明出處', '不可以引用他人的論述在論文中', None]",,2
164,自己的網站上提供其他網站的網址超連結是否有侵害著作權？,"['原則上沒有違法，因為沒有轉載原文內容', '若所提供的超連結頁面中包含違法著作權的內容，則可能有違法之虞', 'A和B均正確', '就算只是提供超連結也是違反著作權法', None]",,2
165,工讀生聽從公司主管的指示販賣盜版軟體，主管或工讀生哪一個有法律責任？,"['主管', '工讀生', '兩者皆有責任', '兩者皆沒有責任', None]",,2
166,聽了一場精彩的演講後，將演講內容錄音轉為文字並張貼在自己的部落格上，請問這篇文章的著作權屬於誰？,"['演講者', '部落格作者', '演講者與部落格作者共享', '屬於部落格網站', None]",,0
167,奇克喜歡在社群網站和朋友互傳訊息，分享生活點滴，請問下列哪一項行為「不會」觸法？,"['發布未經過作者同意的文章', '上傳自己載歌載舞的影片', '分享好聽音樂的下載連結', '私訊傳送有裸露、煽情的圖片', None]",,1
168,創用CC (Creative Commons)的表現型態有哪幾種？,"['授權標章', '數位標籤', '法律條款', '以上皆是', None]",,3
170,我國著作權的主管機關為何？,"['內政部', '經濟部', '教育部', '交通部', None]",,1
171,有沒有違反著作權的合理使用範圍要如何判斷？,"['由唱片公司的老闆來判斷', '由唱片行的店員來判斷', '由法官依照當事人的描述和證據來判斷', '由著作權擁有者來判斷', None]",,2
172,從網路下載與安裝網友破解的套裝軟體，將可能會違反我國哪一法令？,"['個人資料保護法', '智慧財產權法', '著作權法', '消費者保護法', None]",,2
173,網路上有許多免費提供下載的軟體，下載前應注意那些事項？請選出「錯誤」的答案。		,"['不在來路不明的網站下載任何軟體', '既然是免費的，先下載用看看再說', '確認是否有暗藏惡意程式', '確認是否為盜版軟體', None]",,1
174,使用套裝軟體時，上網下載序號產生器可能造成的風險「不包含」下列何項？,"['電腦系統遭植入後門程式，導致檔案外洩', '電腦螢幕和鍵盤等硬體受到毀損', '電腦存取功能遭綁架軟體限制，須另外付費解除', '侵害智慧財產權，遭受相關權利者提告', None]",,1
175,密碼設定的複雜度越高，被暴力破解的機率越低，請問下列何者「不能」有效提升密碼複雜度？,"['英文大小寫混雜使用', '使用數字與特殊符號', '增加密碼長度', '使用單字詞彙', None]",,3
176,使用USB隨身碟傳遞檔案資料時，下列何種做法無法避免惡意程式的感染與擴散？,"['停用自動執行功能，避免電腦自動啟動惡意程式', '重要的檔案要加密儲存', '將隨身碟的存取權限設定為唯讀，以避免惡意程式寄生', '定期進行防毒軟體掃描，以偵測惡意程式', None]",,1
177,下列有關於防範惡意程式入侵的保護措施，何者「不正確」？,"['避免開啟來路不明的電子郵件', '避免更新作業系統', '不下載安裝來路不明的App', '安裝防毒軟體並定期更新病毒碼', None]",/Image/edf537e4-17c0-473f-9907-3d037389eecb.jpg,1
178,下列有關於防範網路釣魚電子郵件的做法，何者「不正確」？		,"['公務與私人電子郵件信箱分開使用，避免因私害公', '開啟電子郵件前可先確認寄件者與其帳號是否相符', '避免開啟疑似廣告或標題標示不清之郵件', '被系統判定為垃圾郵件的郵件，應全數直接清除', None]",,3
179,美國專家研究近3萬件帳號被盜的案例，發現案發主因在於設定過於簡單的密碼。請問下列哪個密碼設定較為安全？,"['9999999999', 'qwerasdf', 'password', 't03U4z8jCo4', None]",,3
180,知名社群網站推特 (Twitter) 因為一名員工的 E-mail密碼設定太簡單，遭駭客破解入侵，並偷取公司文件。所以，我們應該如何設定密碼以策安全？,"['使用長度8個字元以上的英文單字', '使用長度6個字元的數字', '使用大小寫英文加數字混合，且長度超過8位', '使用鍵盤上位置連續的字母，例如ASDFGHJK', None]",,2
181,市面上許多保護系統的軟體大多是著重資訊安全四個防護類型中的哪一類？,"['防毒', '防災', '防竊', '以上皆非', None]",,0
182,下列何者「並非」病毒的特性之一？,"['複製性。', '主動傳播性。', '隱藏性。', '無限再生性。', None]",,3
183,資訊安全的四種防護類型不包含下列何者？,"['防搶', '防毒', '防駭', '防災', None]",,0
184,資訊人員呼籲，購買新電腦時應加裝防毒軟體，下列關於防毒的說明何者有「誤」？,"['病毒初期發展的目的是為了保護智慧結晶', '隨著網路普及病毒開始被惡意製造及利用', '病毒本身不可能會對系統資料造成傷害', '防毒程式可以幫助使用者抵禦病毒', None]",,2
185,美國出現電腦駭客利用提款機盜領了900萬美元，下列關於防駭的說明何者有「誤」？,"['駭客可能會入侵你的電腦竊取資料', '駭客可能把你的電腦偷走', '駭客可能會破壞你的電腦系統', '駭客可能會更改你電腦中的資料', None]",,1
186,電腦中的機密資料皆必須進行妥善的保存以防失竊，下列關於防竊的敘述何者有「誤」？,"['過去企業常會拔除硬碟以免員工竊取資料', '只要電腦在家就絕不會有資料被竊取的情況', '由於科技的進步，現在駭客已能透過網路來竊取資料', '防竊與防毒、防駭之間的關係密不可分', None]",,1
187,購買新電腦時必須安裝防火牆和防毒軟體來保障電腦安全，以下關於使用防火牆和防毒軟體的認知何者是「正確」的？,"['防火牆可以完全阻隔所有非法入侵或攻擊', '收發電子郵件可經由防毒軟體來掃描，以確認郵件是否安全', '防火牆與防毒軟體並不能控管電腦的使用情況', '只要安裝了防火牆與防毒軟體，就不會有資訊安全漏洞', None]",,1
188,電腦使用手冊中往往標明「電腦應安裝防火牆」，關於防火牆功能的敘述何者有「誤」？,"['防火牆可以管控個人電腦與外界的連線狀況', '防火牆是個人電腦與網際網路連線中間的一道防衛機制', '防火牆可以幫助我們杜絕來自外界的非法入侵', '防火牆可以防止電腦因為硬體過熱而引起的火災', None]",,3
189,防毒軟體是電腦必備的設備，以下關於防毒軟體功能的敘述何者「正確」？,"['防毒軟體主要是透過病毒資料庫來檢查電腦中是否有病毒存在', '一般電腦的收信動作可以透過防毒軟體來做安全掃描，發信不可以', '防毒軟體可以防範世界上所有出現的病毒', '防毒軟體不須常常更新病毒碼才能保持其較佳的功能性', None]",,0
190,關於資訊安全防護措施的良好習慣，下列敘述何者「錯誤」？,"['只要常更新系統漏洞，就絕對不會有資安問題', '要定期掃描病毒，才會有效果', '不要任意下載不明檔案，以免中毒', '不要任意安裝不明的軟體，以免中毒', None]",,0
191,如果發現自己的電腦中毒或資料遭竊，關於後續補救措施的認知，下列敘述何者「錯誤」？,"['發現中毒時，應立即切斷網路，避免更多病毒侵入，或是攻擊網路上的其他伺服器', '資料不屬於實體的財物，因此資料被竊時，警察無法幫忙處理', '個人電腦的資料遭竊時，若是經由網路竊取，可請求專家追尋偷竊者的來源', '系統被駭或資料被竊時，要記得聯絡所有可能受到影響的個人或單位，使損害降到最低', None]",,1
192,作業系統大廠過去曾發布紅色警戒，並建議民眾做好啟用防火牆等安全措施。請問我們應該如何正確使用防火牆？,"['防火牆買來直接裝上使用即可', '應瞭解防火牆的各項功能，或請瞭解防火牆的人來設定', '為了方便，將防火牆所有通道打開', '防火牆只要安裝後就可永遠發揮功效，不必花時間更新', None]",,1
193,微軟公司發布緊急更新消息，若您的電腦有安裝微軟的產品，請問應如何處理？,"['不理會，因為我的電腦沒有重要的資料', '不需要任何處理，我的電腦只用來上網，不架設網站', '檢查是否已更新修補', '只要能夠正常使用就好，不用在意該訊息', None]",,2
194,有駭客利用 Excel 軟體的安全漏洞進行攻擊，若您的電腦裝有 Excel，請問應該如何處理？,"['只要有更新防毒軟體就可以，所以不需做任何處理', '立刻更新 Excel 軟體', '因 Excel 功能看似正常，所以不需做任何處理', '不要開啟 Excel 程式就好', None]",,1
195,美國太空站上曾發生筆記型電腦中毒事件，所幸並未釀成大禍。請問有關筆記型電腦的使用安全，下列敘述何者「錯誤」？,"['筆記型電腦為個人專用的電腦，可以不用設定登入帳號與密碼', '筆記型電腦也必須安裝防毒軟體、防火牆，並更新修補程式', '使用筆記型電腦時，不可任意連上未加密的不明無線網路', '筆記型電腦可設定硬碟密碼，避免內存資料外洩', None]",,0
196,請問有關筆記型電腦的使用安全，下列敘述何者「正確」？,"['筆記型電腦與桌上型電腦一樣，必須安裝防毒軟體、防火牆，並更新修補程式', '筆記型電腦通常屬個人專用，所以不需設定登入帳號與密碼', '筆記型電腦以方便為最優先考量，安全要求可較低', '筆記型電腦的安全性極高，因此不需進行資料備份', None]",,0
197,國內曾發生業者因為資料庫毀損且沒有備份，導致鉅額損失的事件。請問我們平時應如何做好資料備份？,"['定期執行資料備份，例如每個月執行一次', '將所有資料備份在同一個硬碟中', '想到時再備份一下', '硬碟很貴，沒事不要備份', None]",,0
198,請問一般員工應如何管理自己電腦內的重要資料？,"['不需要特別作控管', '這是資訊人員的事情，一般員工不需注意', '重要資料應採備份措施', '將所有資料備份在同一個硬碟中', None]",,2
199,平常進行電腦檔案備份時，下列哪一種是「錯誤」的做法？,"['將資料複製至外接式硬體', '將資料複製在同一顆硬碟的另外一個資料夾', '將資料燒錄至光碟', '將資料上傳至網路空間', None]",,1
200,法國海軍疑似因內部人員將含有病毒的隨身碟插入電腦，導致整個內部網路系統遭感染。請問下列相關預防措施，何者「錯誤」？,"['取消電腦的隨身碟自動執行設定', '使用隨身碟前，先進行掃毒作業', '購買隨身碟時，挑選有防寫開關的功能', '可以和親朋好友交換使用隨身碟', None]",,3
201,一名英國民眾撿到存有政府機密資料的隨身碟，可藉此查到上千萬英國民眾的重要個資。請問下列相關防範措施，何者「錯誤」？,"['隨身碟中的重要資料，應進行加密', '隨身碟可能遺失或遭竊，但不會有中毒的問題', '公司行號可視其需求，禁止員工使用隨身碟', '可將重要資料進行多重備份', None]",,1
205,研究發現，美國中小企業的電腦中毒時，平均得花2.5天才能修復，影響公司生產力。請問企業員工應如何為公司的電腦安全盡一份心力？,"['不要隨意安裝從網路下載的不明工具程式', '應注意電子郵件或隨身碟是否有惡意程式', '應小心防範透過社交網絡對我們進行攻擊的電子郵件', '以上皆是', None]",,3
206,臺北市曾經成為殭屍電腦全球最「駭」城市 ，所以我們平常應該做好哪一項防護措施？,"['不隨意下載並安裝軟體', '安裝防毒軟體與防火牆', '不點選來路不明的網址', '以上皆是', None]",,3
207,一名研究生儲存論文的筆記型電腦遭竊，突顯資料備份的重要性。以下哪一種資料備份的做法是「不正確」的？		,"['將資料複製到USB隨身碟', '將資料複製到外接式硬碟', '將資料燒錄到光碟', '將資料複製到電腦的其他磁碟區，例如C槽存到D槽', None]",/Image/4a3ef66a-5822-403f-b8c4-6e62e1b71d49.jpg,3
209,我國幾個知名的大型網站曾遭到轉址攻擊，一旦民眾連到這些網站就會被轉到中國大陸的行銷廣告網站。請問下列哪個處理方式「不正確」？,"['安裝防毒軟體以監控不正常的轉址行為', '當發覺有不正常的網站轉址時，應立刻關閉瀏覽器，並通知該網站服務人員', '點選轉址過去的網頁內容，看看會發生什麼事', '馬上警覺到這有可能是詐騙手法', None]",,2
210,國外研究指出，企業平均要花費近五萬美元來處理筆記型電腦的失竊案件。請問下列有關企業保護筆記型電腦的描述，何者「正確」？,"['筆記型電腦應該比照公司的桌上型電腦，設定嚴謹的防護措施', '公用筆記型電腦可設定開機還原程式，以防範中毒威脅', '公用筆記型電腦不要存放重要資料', '以上皆是', None]",,3
211,國內曾發生國軍筆記型電腦及其內含的機密資料遭竊事件。對於相關的防護措施，下列敘述何者「正確」？,"['筆記型電腦的重要資料應適當加密保護', '筆記型電腦應儘量貼身保管，不要讓宵小有覬覦的機會', '筆記型電腦的資料可改存至外接式儲存設備，並嚴謹保管', '以上皆是', None]",,3
213,刑事局指出，電腦一旦被植入木馬程式後，攻擊者便可遠端下載、刪除或列印受攻擊電腦中的資料。請問下列何者「不是」安全的電腦使用行為？,"['關閉作業系統的防火牆，以減少系統漏洞', '安裝防毒軟體並定期更新病毒碼', '設定複雜且安全的電腦密碼', '不隨意下載不明程式', None]",,0
214,過去曾有統計發現，臺灣7成合法網站有毒，一旦民眾沒做好防護就瀏覽這些網站，可能個資全都露。對於相關的安全防護，請問下列何者「錯誤」？,"['安裝防火牆可避免外部入侵', '不用電腦時，也維持開機與網路連線', '重要資料可以進行加密', '安裝防毒軟體並經常更新', None]",,1
215,為避免電腦因為程式漏洞而遭受到攻擊，請問我們應該怎麼做？,"['應開啟作業系統的自動更新', '若有自動更新的提醒應立刻安裝', '隨時注意廠商發布的安全通知', '以上皆是', None]",,3
216,家裡的電腦已經安裝防火牆，是否還需要做軟體更新？,"['不需要，因為防火牆可以阻擋所有的駭客', '需要，因為家裡的防火牆等級可能不夠好', '需要，因為軟體更新可以修補系統漏洞', '需要，因為軟體更新可以讓防火牆的執行速度更快', None]",,2
219,電腦已經安裝防毒軟體，是否還需要做資料備份？,"['需要，因為可以防止駭客竊取資料', '需要，因為萬一資料遺失或毀損時，仍有備份可使用', '不需要，因為電腦不會中毒', '不需要，因為電腦硬碟很少壞掉', None]",,1
220,facebook 遭駭客入侵會員帳戶，並寄發 E-mail給朋友，要求開啟假造的網站連結。請問下列何者為「正確」的因應方式？,"['只要沒有輸入個人資料，點選連結也沒關係', '只要不開啟附檔，就可以點選連結', '先確認網址真偽，可將游標停留在郵件內的連結網址，網頁左下方就會出現真實網址', '點選連結後，只要不下載資料都不會有危險性', None]",,2
221,想要使用數位簽章簽署文件時，應該如何操作？,"['將紙張上的簽名掃描成影像檔', '使用自己的私密金鑰對電子文件加密，形成數位簽章', '在有 SSL 加密的網站編輯文件，就會自動產生數位簽章', '將自己的私密金鑰連同電子文件一起寄給收件人，就可產生數位簽章', None]",,1
222,如果要使數位簽章具有法律效力，您的數位憑證應該符合哪些條件？,"['由主管機關公告核定的憑證機構所核發的數位憑證', '數位憑證在有效期限內', '在數位憑證所定義的應用範圍內', '以上皆是', None]",,3
223,所謂的「異地備援」主要屬於哪種防範類型？,"['防毒', '防駭', '防災', '防竊', None]",,2
224,網路報稅時，為什麼要使用有安裝防火牆的電腦？								,"['避免電腦遭到入侵，導致報稅資料外洩', '報稅資料上傳的速度比較快', '確定報稅金額不會算錯', '報稅金額可以打折', None]",/Image/a0e7c32c-e196-4c8c-ba4d-5a078d082c0b.jpg,0
225,美國警方破獲一個專門竊取無線上網者個人資料的駭客集團。這些受害者的電腦可能缺少哪一項防護措施？,"['防火牆', '防毒軟體', '無線網路基地臺的安全管理功能', '以上皆是', None]",,3
226,系統商常會提醒使用者應儘速下載更新程式。請問電腦進行軟體更新的最主要目的為？				,"['提升電腦執行速度', '全面清除電腦病毒', '原有軟體有漏洞，需修補軟體漏洞，以降低被駭客入侵的風險', '增加電腦儲存容量', None]",/Image/d1b09087-4b4a-4f56-a0c9-9459f6277348.jpg,2
227,電腦駭客常以近期熱門的新聞議題為誘餌，大量寄發夾帶病毒的電子郵件。請問下列哪種做法最能降低病毒入侵的機會？,"['安裝防火牆', '安裝防火牆並經常更新', '安裝防毒軟體', '安裝防毒軟體與防火牆並經常更新', None]",,3
229,當電腦出現下列哪一種現象時，可能是被植入間諜軟體？,"['常常突然跳出來路不明的視窗', '執行來路不明的程式', '連線速度變慢', '以上皆是', None]",,3
230,如果電腦被植入間諜軟體，可能會造成什麼影響？,"['電腦資料遭竊', '硬碟毀損', '防火牆失效', '無法上網', None]",,0
231,萬一電腦被植入惡意軟體，應該如何處理？			,"['只要電腦裡沒有重要資料就沒關係', '使用移除工具將間諜軟體移除，並確認電腦是否有安裝防毒軟體', '只要往後不使用該臺電腦上網就不會有損失', '重新開機就可以解決', None]",/Image/10cf972e-3578-4494-8737-15959547933e.jpg,1
232,有些駭客專門入侵知名人士的電腦，偷取私密照片或重要資料，以進行敲詐勒索。請問以下哪一項行動可以防止電腦被駭客入侵與偷取個人資料？		,"['將個人照片分散放在不同資料夾中', '購買等級最好的電腦', '安裝防火牆設備', '安裝防毒軟體', None]",,2
233,攜帶筆記型電腦外出時，下列哪種做法有助於提升安全性？,"['把它裝在電腦廠商贈送且有印 Logo 的大包包', '直接放在皮包或公事包', '設定開機帳號與密碼', '把它放在車子的後行李箱', None]",,2
234,如果電腦的執行速度比平時慢，或經常沒有回應，這時應該如何處理較好？,"['重新開機', '耐心的繼續使用', '關閉沒有使用的檔案或視窗', '再次更新防毒軟體並進行病毒掃描與清除', None]",,3
235,為了降低電腦中毒與個人資料被竊的機會，下列哪一個系統或軟體應該經常更新？,"['作業系統', '瀏覽器軟體', '防毒軟體', '以上皆是', None]",,3
236,為了防範駭客利用系統漏洞進行攻擊，最好多久做一次軟體更新？,"['設定自動更新', '三天一次', '一週一次', '一個月一次', None]",,0
237,臺灣曾被列為亞太區殭屍網路感染第一名。為防範電腦淪為駭客可操控的殭屍電腦，「最適當」的做法為下列何項？,"['到駭客論壇找可以防範攻擊的工具軟體', '安裝防火牆與防毒軟體，並經常更新', '只使用有線網路上網', '以上皆是', None]",,1
239,使用 facebook等社交網站時，哪種行為可能導致個資遭竊或感染惡意程式？,"['點選新粉絲提供的行銷廣告網址，以增加粉絲數量', '下載許久未聯絡朋友所寄來的小遊戲', '多公布一些個人資料，以便失聯已久的朋友可搜尋聯繫', '以上皆是', None]",,3
240,有些網站含有跨站攻擊 (XSS)漏洞，可以存取到使用者電腦中的網路紀錄 (Cookies)。請問我們最好如何避免此種危險？,"['可使用過濾安全網站的軟體來判斷安全性', '瀏覽完網站可清除瀏覽器的 Cookies', '只連結到自己信任網站', '以上皆正確', None]",,3
241,網路相簿密碼遭破解且私密照片外洩事件層出不窮。對於防範類似事件，下列敘述何者「正確」？,"['應避免將私密照放上網路相簿', '應設定具安全性的密碼', '小心防範電腦遭植入木馬程式', '以上皆是', None]",,3
242,有心人士在 facebook 中散布釣魚網站網址，藉此竊取使用者個人資料。請問下列敘述何者「正確」？,"['宜安裝可辨識釣魚網站的安全軟體', '使用具有釣魚軟體黑名單的瀏覽器', '不輕易開啟不明連結，尤其若要輸入帳號密碼更應提高警覺', '以上皆是', None]",,3
243,隨身碟中毒的案例時有所聞，請問我們怎麼判斷隨身碟是否中毒？,"['無法開啟隨身碟所代表的磁碟機', '按滑鼠右鍵，點選「內容」來開啟隨身碟，結果出現 autorun.inf ', '按滑鼠右鍵，點選「內容」來開啟隨身碟，結果出現 .exe 檔', '以上皆是', None]",,3
244,為了避免電腦淪為駭客可操控的殭屍電腦，應該安裝哪項最基本的防護軟體？,"['分享軟體', '防毒軟體與防火牆', '反垃圾郵件軟體', '阻擋彈跳視窗軟體', None]",,1
245,最近駭客偽造新聞媒體的電子報，散播木馬病毒。萬一電腦因此中毒，可能會有哪些後果？		,"['個人資料被竊取盜用', '電腦檔案被刪除', '成為駭客可在遠端操控的殭屍電腦', '以上皆是', None]",,3
246,facebook、Twitter 等知名社群網站，紛紛淪為駭客傳播病毒的途徑。請問萬一電腦因此中毒，可能會有什麼影響？,"['帳號密碼被竊取盜用', '發送假 E-mail給社群網站的好友，且內含惡意連結', '註冊社群網站所用的個人資料外洩', '以上皆是', None]",,3
247,隨身碟因為使用方便，幾乎人手一隻。請問使用隨身碟時，應注意哪些安全問題？,"['使用隨身碟前要進行掃毒作業', '隨身碟的重要資料應進行加密', '隨身碟的重要資料應進行備份', '以上皆是', None]",,3
248,下列對於會入侵您的資料庫的攻擊者描述，何者「不正確」？,"['對公司心懷怨恨的離職員工有可能會惡意破壞公司資料庫', '專業間諜，想要取得機密資料，會刻意侵入資料庫', '公司內部員工因受到管制，不會入侵資料庫', '公司外部的破壞者為了破壞公司營運，會入侵公司資料庫', None]",,2
249,請問以下有關於電子郵件密碼設定的說明，何者正確？,"['設定 4 碼就夠安全了', '最好用生日當作電腦密碼，才不容易忘', '只有 4 個數字組合的密碼很容易被破解，安全性低', '有設密碼即有保障', None]",,2
250,卉潔從事行銷企劃，經常使用網路，但她卻不知道應該如何正確使用網路才安全，請問卉潔的處理方式以下何者「錯誤」？,"['將正確網址加入我的最愛，避免網址錯誤。', '從來不更新病毒碼。', '妥善保護帳號密碼。', '若發生中毒，應立即處理。', None]",,1
251,當收到一封由信用卡公司寄來請求變更帳號密碼的郵件，還有一個附件檔案，請問以下何者為正確的處理方式？		,"['立即按照步驟，修改帳號密碼', '打開附件，看看內容是什麼', '轉寄到私人外部信箱再進行處理', '不做任何事，立即刪除郵件', None]",,3
252,「姜太公釣魚，願者上鉤」是網路釣魚 (Phishing) 的最佳翻譯，多半是利用偽造電子郵件與網站作為「誘餌」，請問以下防範方法何者不適當？,"['防詐第一要務為：「勿存貪念」', '對不明郵件立即刪除', '遵循網站要求輸入資料', '養成檢查網址正確性之習慣', None]",,2
253,駭客常會利用民眾對「高點閱率」的好奇心，而將木馬病毒藏在許多人按讚的臉書網頁。請問一旦點選這個網頁的連結，可能會發生什麼問題？,"['個人資料外洩', '帳號被盜用來胡亂貼文', '電腦速度變慢', '以上皆是', None]",,3
254,如果用來上網的電腦沒有儲存重要資料，是否還需要設定密碼？,"['需要，不然大家都會跟我借電腦', '需要，因為電腦駭客可能會利用我的電腦作為攻擊其他電腦的跳板', '不需要，駭客攻擊我電腦的機率很小', '不需要，電腦裡沒有重要資料，不會有資料外洩的風險', None]",,1
255,如果電腦的密碼被駭客破解，可能會有哪些風險？,"['電腦裡的資料被竊', '個人資料遭盜用', '變成駭客攻擊其他電腦的跳板', '以上皆是', None]",,3
256,阿花最近買了一隻智慧型手機，請問相關的安全使用措施，下列何者為誤？,"['把所有權限打開，才能讓智慧型手機的功能發揮到最大', '設定軟體存取權限，避免不必要的應用程式存取通訊錄', '限制可以存取通訊錄的應用程式功能，以避免發送垃圾訊息', '不安裝來路不明的應用程式或聊天軟體', None]",,0
257,部分交通轉運車站提供公用電腦讓旅客們使用，請問有關正確使用公用電腦，以下敘述何者正確？,"['登入社群網站分享心情，使用完畢後不需要登出', '使用完畢後，清除瀏覽器的cookies、清除密碼與帳號，並登出系統', '可透過公用電腦進行線上交易線上交易', '可在公用電腦上處理敏感性公務', None]",/Image/b3798a87-ab2a-4767-ad8a-3b652b9904f5.jpg,1
258,一名在科技公司上班的男子在女網友的慫恿下，向銀行貸款80萬元投資，結果女網友拿走現金後便音訊全無；請問當網友提出哪些要求時，就該提高警覺避免受騙？,"['家人開刀須籌大筆手術費，要求借錢', '網友傳送他自己的裸照過來，然後也要求你寄裸照給他', '以急用為理由，請求至便利商店代買遊戲點數', '以上情況均須提高警覺', None]",,3
259,交友類型的 App越來越流行，請問下列何者為使用交友或社群 App 的安全注意事項？,"['須注意自己在交友App上放置的個人照片是否上相', '須注意自己是否在該App上揭露過多的個人資訊', '須注意該交友App所配對的對象是否長相甜美可愛', '須注意該App是否為付費或免費App', None]",,1
260,根據統計許多青少年網路交友受害案件，源於被害人多因好奇而結交網友，卻被騙、被性侵或涉及援交。請問家中若有青少年，應教導其注意的網路交友事項，下列描述何者為「錯誤」？								,"['若要與網友見面應該要結伴同行', '與網友見面時的穿著打扮須讓網友印象深刻', '與網友見面最好約在公開場合', '與網友見面時不喝對方準備的飲料', None]",,1
262,生活周遭有些許因為網戀而組成家庭的成功案例，也有在網路聊天非常契合的網友，見面後卻無法忍受對方身上總是有香水味的失敗案例。下列哪一種網路戀愛觀「不正確」？,"['上網交友可以使用暱稱與美化過的照片，一個人也可以同時間和許多人交往，這樣才有刺激感', '網路戀愛只是認識對方的第一步，感情還需要有實際的交往才能夠成熟', '雖然誠實是網路交友的要素，但對於才剛剛認識的網友，過度向對方揭露自己的想法或生活，也可能產生風險', '彼此還沒有見過面的網路戀情，若對方立即提出結婚要求，應該要有所警覺', None]",,0
263,國內發生詐騙集團透過交友網站留言功能，彼此加入通訊App好友後，再向網友提出援交的提議。當遇到網友提出援交請求時，應如何回應？,"['援交是非法的，而且通常會伴隨色情犯罪或詐騙行為，一旦發現應儘快報案', '獨自前往應約，並且戳破對方的計謀', '允諾赴約，或許有機會找到真愛', '召集一群朋友共同赴約', None]",,0
265,有不肖人士利用交友網站，以刷卡100萬賺現金30萬差價為餌，誘騙受害者至通訊行刷卡鉅額買3C產品，將提貨單取走後便消失無蹤。請問當網友提出哪些要求時，應該要留意可能是詐騙？,"['主動提出援交，並要求先轉帳匯款再提供服務', '提出報酬率異常高的投資機會', '才認識幾天就提出結婚，並要求購買昂貴首飾或婚紗包套組', '以上皆有可能', None]",,3
266,日前出現專門在網路尋找單身女子的愛情騙子，半年內順利詐騙了8位女護士，詐騙金額達數千萬。對於網路戀情發展，以下何者為「不正確」的觀念？,"['在沒有向對方透露過的情形下，忽然對方清楚瞭解你的電話、工作等個資，表示對方很有誠意要認識你，應該立即接受對方', '當認識一段時間進一步詢問對方的身分資料時，若對方總是不願正面回答或每次答案都不相同，則是網路愛情騙子的徵兆之一', '如果對方曾經提及的相關背景資料，經你打聽後，發現根本查無此人，對方可能是冒用他人身分與你交往', '當被問及你覺得不舒服的問題時，可以拒絕回答，而不是採取欺騙對方的方式，避免未來可能發生的爭議', None]",,0
268,為了在交友網站中讓他人進一步與你認識，你必須提供個人資訊，下列何種提供個人資料的方式可能會導致隱私的外洩？,"['私密的照片一律不放在網站上', '公開手機號碼，便於大家能夠找得到我', '絕對不在網路上寫出自己的聯絡電話及家中住址', '使用暱稱，不在網站上公開自己的真實名字', None]",,1
269,援助交際通常是指年輕人與成人發生性行為，以獲得金錢上的交易。以下對於網路援交的描述，何者為正確？		,"['援助交際屬於年輕人應該要自行負責的行為，成年人可以不必關心', '根據刑法，與未滿14歲之青少年產生性行為或有猥褻之行為，是違法必須處以徒刑的', '援助交際是以身體換取物質、金錢，這是合法的交易行為', '援助交際是個人的人生選擇，沒有法律問題', None]",,1
270,下列何者「不是」網路交友的好處？,"['網路交友讓我有機會認識世界上不同國家的人。', '網路提供即時互動的便利性。', '網路匿名特性可以用假身分與他人交往不必負責。', '利用網路聊天與交往，是個比較經濟的交友方式。', None]",,2
271,今日時下的年輕人幾乎都有使用過網路交友的經驗，下列何者並「非」網路人際溝通與關係發展的必要條件？,"['常逛同一 BBS 版、討論區或網站', '持續在網上互動以維持人際關係', '一定要約出來面對面相見', '分享個人意見', None]",,2
272,下列何者是網路上跟別人互動時應該有的行為舉動？,"['把自己的遊戲帳號資料告訴網友', '在討論區搗亂，拚命引起戰火', '輕易轉寄網路未經證實的訊息', '在網友情緒低落時相互支持、打氣', None]",,3
274,當我們在網路上與他人互動時，以下何者「不是」網路利他行為？,"['在問版上回答問題', '協助發表協尋文章的網友找回失蹤的妹妹', '引發網路論戰', '分享開箱文給其他網友', None]",,2
275,結交網友時，以下何者「不是」雙方人際關係維持的原因？,"['向對方分享訴說個人的感覺或困擾', '不嫉妒或批評對方的人際關係', '拚命挖掘對方的個人隱私與痛處', '相處時盡可能帶給對方快樂的感覺', None]",,2
276,網路交友應該注意保護自己的安全。但下列哪個行為可能為自己帶來安全疑慮？		,"['為了展現交友誠意，應該以真實姓名加入聊天室', '只要是談得來的網友，就可以單獨邀約見面', '將個人照片寄給陌生網友，以便進一步相互認識', '以上皆是', None]",,3
277,請問關於在網路上進行社交活動的敘述，下列何者是「正確」的？	,"['網路上有許多社群存在，讓志同道合的朋友可以加入', '透過網路交友，每個人都不需面對面交男女朋友', '社交生活都可用網路社交來取代', '可以向剛認識的網友吐露心事與隱私資訊', None]",,0
279,網路交友已經成為時下普遍的行為，下列哪一個「不是」令網路人際溝通具有特殊性的因素？,"['互動性', '具名性', '可以穿越空間限制，與世界各地的人交朋友', '中介性', None]",,1
280,下列何者「並非」形成網路交友時的人際吸引因素？,"['接近性', '自我揭露', '網路上的人有多元背景', '毀謗', None]",,3
281,網路交友具有「網路匿名性」的特性，下列何者是有關「網路匿名性」的「正確」敘述？,"['網路匿名性增加了網路上交友的風險', '網路匿名性讓網友可以不用遵守禮儀', '網路具有匿名性，所以網路上的言行不用負責', '網路具有匿名性，所以任何犯罪行為無法追查', None]",,0
282,使用社群網路應避免下列何種行為？,"['就事論事發表意見，不對他人怒罵訕笑', '妥善設定網站的隱私權保護選項', '不停轉貼好笑的資訊分享予所有人', '適時適當與其他人互動', None]",,2
283,社群網站是意見交流的網路平臺，但也常發生濫用的情況。請問下列何者是使用社群網站的正確觀念？				,"['不要在社群網站上張貼個人資訊', '在社群網站發言時，應以「少數服從多數」為原則', '匿名發言機制讓當事人能暢所欲言，所以真實性更高', '網路聊天室的功能就是閒聊哈拉，所以言詞辛辣，或披露他人私事也無妨', None]",/Image/f5708ceb-3b19-4031-9b2c-032db877d3c1.jpg,0
284,社群網路是透過人與人的關係，不斷連結與擴張，下列何者「不是」使用社群網路的正確方式？,"['分享過去的生活資訊，不分享未來的行事規劃', '發出我們的聲音，也包容其他的意見', '分享我們的興趣，也接收朋友的資訊', '認識更多新朋友，也讓他們直接取得我的聯絡資訊', None]",,3
285,透過網路可以讓我們認識各種國籍、文化和領域的人。請問在與不同文化或生活環境的人相處時，下列何者是「不適當」的行為？	,"['主動介紹自己，但避免告知過多個人資訊', '耐心理解對方的文化背景，不妄下批評', '向網友提問時，要求網友一定要回答', '適時以詼諧幽默的口氣緩和氣氛', None]",/Image/e8dae2a8-24ff-48ff-acab-dfd99c5f7736.jpg,2
286,以下關於「網路沉迷」的敘述，何者有誤？,"['有網路沉迷傾向的人，只要一離開電腦網路就會焦躁易怒', '網路沉迷也是一種疾病，嚴重時甚至需要就醫', '網路沉迷會導致我們生活作息混亂、三餐與睡眠不正常', '善於社交的人比較容易出現網路沉迷的傾向', None]",,3
287,以下何種方式「無法」避免家中孩童沉迷於網路？,"['跟小孩約定每天可上網的時間', '瞭解小孩零用錢花費的用途', '幫小孩申請「吃到飽」的上網方案', '增加親子互動的時間', None]",/Image/445b32c5-2814-40b1-93ce-631aaa085d66.jpg,2
288,以下何者「不是」網路沉迷者常見的身心行為症狀？,"['理智上知道要控制網路的使用時間，但仍不能克制上網的衝動', '樂觀開朗、喜歡從事戶外活動', '不能上網時會出現身體或心理不適的現象', '上網的慾望越來越不能滿足，所需上網時間越來越長', None]",,1
289,阿威因為網路沉迷，最近開始出現暴力傾向，請問阿威的家長應該帶他到醫院看哪一科門診？,"['精神科', '內科', '復健科', '神經科', None]",,0
290,網路沉迷除了可能傷害視力以外，還會造成以下何種影響身體健康的風險？,"['癌症', '地中海型貧血', '色盲', '肌腱關節與神經的傷害', None]",/Image/29cc57bf-a98e-4e7a-afcc-888dfe54680b.jpg,3
291,「戒斷症狀」是指，當中斷或停止使用某種令人上癮的物質後，生理或心理上所產生的不適。請問，網路沉迷的戒斷症狀與下列哪一種情況類似？,"['食物中毒', '藥物中毒', '酒精中毒', '一氧化碳中毒', None]",,2
292,請問，當你出現以下哪些徵狀時，表示已有網路沉迷的風險？,"['沒有社群網站帳號', '自我控制使用社群網站的時間，不耽誤學習、休閒或睡眠', '隨時隨地都想上網查看社群網站狀態', '偶爾會玩社群網站的小遊戲', None]",/Image/5fab7393-025b-4e83-b112-1b80c0986961.jpg,2
293,哪些身體徵狀可能是整日與電腦為伍的學生或上班族容易發生的？,"['黑斑與青春痘', 'B型肝炎', '手指肌腱炎與視力受損', '打噴嚏與發燒', None]",,2
294,當以下何種情形出現時，表示有網路沉迷的可能？		,"['隨時都想在社群網站「打卡」，若不打卡會覺得沒有存在感', '上網一段時間，知道要離開電腦稍作休息', '喜歡與其他人討論網路遊戲的攻略', '擁有自己的部落格', None]",/Image/82c5229a-84a7-4c23-99ff-572a68aaa09c.jpg,0
295,曾有網路成癮的當事人說，在網路裡面的我是成就非凡，但是現實生活的我卻「一無所有」。造成網路沉迷問題的個人心理因素有哪些？,"['現實世界中較缺乏自尊與社會支持', '網路世界中的歸屬感與虛擬名聲較容易達成', '在網路虛擬世界中可以暫時逃避現實世界的問題', '以上皆是', None]",,3
296,下列哪些行為可以被歸類在網路成癮？1.沉溺於網路情色內容中；2.沉溺於網路購物與交易；3.沉溺於網路資訊的搜索與收集；4.沉溺於網路上的人際關係 ,"['1,4', '2,3', '2,3,4', '1,2,3,4', None]",,3
297,家長可以利用下列哪一種工具來協助孩子管理上網的時間？		,"['火狐瀏覽器(Firefox)', '壓縮軟體(7-Zip)', '網路守護天使(NGA)', '心智圖軟體(FreeMind)', None]",/Image/c4544abe-b4c0-4da8-8517-56464c2dab4e.jpg,2
298,一名家長向「臺灣網路成癮輔導網」求助，指稱兒子因網路沉迷已造成許多影響，以下那一個敘述可以幫助他改善這樣的狀況？,"['請家長和老師一起規範上網時間，並由家長陪同上網', '請老師在課堂上提醒合理的上網時間，但家長放任不管', '請老師不要讓小孩上電腦課', '完全交由專家負責，家長不必協助', None]",,0
299,心理學家指出，平均每週上網超過40小時者，就有較高網路沉迷的風險。為了防止網路沉迷，平時應該如何處理較為適當？,"['打發時間、心情好或不好時都上網', '電腦一整天不關機', '避免將網路當成生活唯一的重心', '儘量享受網路活動的聲光色效果', None]",/Image/d205a35e-5364-463f-b218-0561c452fda7.jpg,2
300,如果你的家人有網路沉迷傾向，以下何者「不能」幫助他的輔導與治療？,"['輔導專業人士的協助', '軍事的訓練與磨練', '家庭與社會的支持', '替代性非上網的活動', None]",,1
301,醫師表示，網路沉迷又區分不同類型，以下何者「並非」網路沉迷的類型？,"['網路遊戲沉迷', '網路性沉迷', '網路醫療沉迷', '網路人際關係沉迷', None]",,2
302,以下何者是構成網路沉迷的要素？,"['使用網路的量', '使用網路的質', '對日常生活功能的影響', '以上皆是', None]",,3
303,網路已經是現代生活中不可或缺的事物，下列哪一個關於網路使用的描述是「正確」的？						,"['正當使用：健康的用來促進個人的工作績效與生活便利', '不當使用：過度使用網路而忽略現實生活的活動，影響生活作息', '一般人所謂的「網迷」通常包含過度使用者和成癮者', '以上皆是', None]",,3
304,如果你的朋友有網路沉迷的傾向，你可以怎麼做？,"['發揮各種所學的症狀及判斷標準，提醒他未來可能會有的問題', '傾聽他遇到的困難與挫折，提供心理支持', '在他努力要戒斷時，給予加油打氣', '以上皆是', None]",,3
305,以下哪一種人比較不容易網路沉迷？	,"['常會感到寂寞無聊的人', '自我認同感不足的人', '課業或工作受到挫折的人', '喜歡從事戶外活動的人', None]",/Image/e3448856-8962-4ab4-85d9-396494c0d55e.jpg,3
306,請問以下何者「不是」網路沉迷的可能成因？,"['無聊', '現實世界中沒有成就感', '查詢老師規定的回家作業', '情緒低落上網尋求網友的慰藉', None]",/Image/94da4d30-4058-4a6b-91ee-5cfad1540e5f.jpg,2
307,過去曾發生過因為每天熬夜玩線上遊戲，因此導致癲癇發作的案例，請問下列哪個「不是」長時間上網可能造成的生理傷害？,"['眼睛不適', '肩頸僵硬', '腰背痠痛', '身材苗條', None]",,3
308,近年來，因網路沉迷造成肩頸、手腕與眼睛傷害的案例頻傳。以下何者亦屬於網路沉迷可能導致的狀況？		,"['電腦技巧變好', '腹瀉', '不能上網時會焦慮', '視力變好', None]",/Image/99ce1395-6639-401f-a21a-d5153161b104.jpg,2
309,下列哪個現象可能是網路沉迷的徵兆，當自己或家人出現該行為時必須要提高警覺？,"['每日固定上網1小時', '熬夜玩線上遊戲', '可以自己控制電腦使用時間', '不玩線上遊戲', None]",,1
311,網路沉迷或成癮的高危險群，除會有肩頸疲勞等生理問題外，還可能帶來哪些負向的心理反應？,"['疑心、與憂鬱或焦慮', '自信心', '好的人際關係', '積極正向的態度', None]",/Image/e02a96d2-bad8-42d4-8e85-62ea76e61112.jpg,0
312,曾有家長不希望孩子花太多時間玩線上遊戲荒廢學業而將電腦放在客廳中。你認為還有哪些做法可協助家中孩童避免過度上網？		,"['陪伴孩童多從事戶外休閒活動', '買平板電腦給孩子', '幫孩子辦理上網吃到飽的門號', '幫孩童換最新型的智慧型手機', None]",,0
313,小傑在部落格向大家推薦一本好書，卻有網友留言提出完全相反的意見，這時小傑應該怎麼做才是正確的？,"['留言攻擊該名網友', '與該名網友爭辯到底，直到對方認同自己的意見', '請網友投票表決，看誰的意見獲得較多網友支持', '尊重該名網友不同的見解', None]",/Image/f73e40cb-5470-4f10-b254-66fa9f9f257a.jpg,3
314,在網路上與人溝通時，適度使用表情符號可以表現出你的臉部表情，常見的表情符號XD代表什麼意思？	,"['不開心', '不予置評', '開心大笑', '擔心', None]",,2
315,每個人都可以透過網路表達自己的意見，當我們在網路上發言時，以下哪一種行為是正確的？,"['公開自己或他人的隱私', '在不傷害自己與他人的前提下，勇於發表自己的看法，也歡迎網友提供意見，相互交流', '在網路上發表不實或不當的言論', '張貼具有威脅性或攻擊性的文字、圖片', None]",/Image/b8715fe6-7239-4150-9f08-7d0d90ac9e28.jpg,1
316,在社群網站上傳照片並打卡時，應該注意以下哪一個禮儀規範？		,"['打卡標註他人資訊時，是否已徵得對方的同意', '自拍時的角度是否上相', '照片中是否將朋友都標示進去，沒有遺漏', '所在位置是否可以上網', None]",/Image/fe0da4f1-d38e-4b19-abf6-aa39324c0065.jpg,0
317,在網路散布不實謠言攻擊的言論，可能會有什麼問題？	,"['網路可以匿名發言，因此不會被發現是我散布的', '如果我所說的是不實的言論，自然有網友會澄清，沒有問題', '如果是不實的指控，可能會侵犯法律，例如誹謗罪', '每個人都有言論自由，所以在網路上什麼話都可以說', None]",/Image/76b7393f-6edd-4f38-9560-b9f7c2424d6c.jpg,2
318,家瑋喜歡利用網路論壇與網友交流3C產品的使用心得，當家瑋在網路論壇發言時，以下哪一種行為是「錯誤」的？	,"['提問之前，先搜尋是否已經有人問過相同的問題。', '發言字數符合網路論壇要求的最低字數限制。', '將私人恩怨帶到論壇，於發文中散布他人的個人資料。', '即使網友提出的意見與自己不同，也能以尊重的態度表達自己的意見。', None]",,2
319,許多人喜歡在論壇討論旅遊經驗，但常常有人重複提出別人問過且已經有答案的問題，造成其他使用者閱讀上的困擾。當你發現別人重複發問時，你覺得如何處理比較適當？		,"['盡量以E-mail或悄悄話等方式私底下告知對方，保持禮貌；因為對方可能是網路新手，不清楚自己犯錯', '在討論區直接用回覆方式嚴厲告誡對方不要一直重複問問題', '聯合其他網友不要回答對方所提的問題，抵制他的行為', '另外貼文強烈指責他的行為', None]",/Image/08a4c24f-d25d-48e5-b053-d0cb09bdabfd.jpg,0
320,下列何者為使用網路論壇或討論區應有的禮儀？,"['鉅細靡遺的寫下問題，就算超過千字也沒關係，因為這樣才能清楚闡述', '在發問前，先搜尋及閱讀其他相關文章或常見問與答(FAQ)，無法解決才貼文詢問', '不好意思用自己的名義提出敏感或私密的問題，便以朋友的名義留言', '因為討論區的人氣高，所以張貼自己公司的廣告訊息', None]",,1
321,透過電子郵件，或是在自己的部落格、其他留言版上轉貼文章的原則，以下敘述何者最不恰當？,"['轉貼別人的文章務必事先通知原作者並取得同意轉載，尊敬原作者', '未經允許逕將他人私人信函轉貼在公開的留言版或討論區，是不禮貌的', '將他人文章轉寄給許多人時，最好能註明文字出處，並說明獲得方法', '轉貼他人的文章是為了與更多人分享，沒有營利，所以不需要告知文章的作者', None]",,3
322,在網上與他人互動時，可以利用表情符號來補足自己的臉部表情，也可以增加幽默。以下哪一種表情符號沒有開心的意涵 ？,"[':-)', 'XD ', ':-( ', ':-p', None]",,2
323,回覆他人寄來的電子郵件，在撰寫回信時，何種行為是合乎網路禮儀的？,"['按下送出鍵之前，再次閱讀自己所寫的文字，確認無錯字後送出', '回覆之前再次檢視，對方所提出的問題是否都予以回答', '再次檢查是否附夾檔案有妥適的上傳', '以上皆是', None]",,3
324,網路發言也受到言論自由法令的保障，關於言論自由，以下哪一個敘述是「正確」的？		,"['因為有言論自由的保護，所以在網路上愛說什麼就可以說什麼', '即使有言論自由，仍須為自己的言語負責', '言論自由只限於現實生活中不包括虛擬的網路空間', '具有攻擊性、煽惑他人犯罪的言論，可以受到言論自由的保護', None]",/Image/2d99d935-3c8a-4cde-bbc9-f1963f8a17ba.jpg,1
325,個人在現實生活的言談和網路上的發言都受到「言論自由」的保護，然而言論自由是建立在「言論責任」上。請問，以下敘述何者與「言論責任」的精神相符合？,"['不管事實與否，只要涉及公共利益就應該要說出來\r\n', '就算會侵犯到他人隱私，也要表達自己主觀的想法', '在不傷害他人的原則上，表達自己的想法', '只要沒有出於惡意，就可以恣意表達自己的想法', None]",/Image/9ad63aba-ca99-4cb2-994f-a203d6b88452.jpg,2
326,網路社會就像現實社會，存有須遵守的規範，下列哪一個說法「不是」我們需要網路規範的理由？,"['為了保障網路的自由發展，要把網路劃為「化外地」', '網路規範是網路使用者的社會契約的一部分', '言論自由是有代價的，在網路上的言論自由也同樣必須付出代價', '網路規範保障每個使用者在網路活動、發言的權利', None]",,0
327,PTT 的各個留言版都有專屬於該版的發言規範，這類的網路規範為網路公民帶來怎樣的意義與啟示？,"['個人與社會皆應發揮「自律」精神', '網路公民應參與網路規則的建立與修正', '網路使用者的行為，會受到各式各樣的規範約束', '以上皆是', None]",,3
328,網路被稱為虛擬的社會，下列何者是有關「網路虛擬社會」的「正確」敘述？,"['網路是虛擬的，所以其中的言論不會產生實質效應', '網路社會與現實社會是二元對立的，二者互不相涉', '現實社會的法律也會規範網路虛擬社會', '網路社群都是虛擬的，不算是真正的社群', None]",,2
329,在部落格上用三字經辱罵他人，算不算公然侮辱？,"['算，因為網路是公開場所，符合「公然」條件，再加上辱罵他人的行為，就構成了公然侮辱', '不算，因為部落格是私人領域，不構成「公然」的條件', '不算，因為網路有匿名性，查不到是誰發文，故無法構成公然侮辱', '不算，因為辱罵文馬上就被版主撤下了，沒有證據，不算公然侮辱', None]",,0
330,為什麼網路上的言論會受到言論自由的保護？,"['因為言論自由可鼓勵大眾參與政治決策，促進民主政治的發展', '因為言論自由可讓人民充分展現自我意識', '言論自由的概念可讓各種想法共同存在，最後利用競爭找出較適當的說法', '以上皆是', None]",,3
331,無論在面對面的交談或是網路對話時，下列何種言論常被視為言論自由的灰色地帶？,"['粗俗、不禮貌的言詞', '對於他人的批評', '惡意的謠言', '以上皆是', None]",,3
332,經濟不景氣，許多IT人員轉行撰寫電腦病毒，以致全球中毒電腦數量暴增。請問下列相關敘述何者「錯誤」？,"['只撰寫病毒而不從事駭客行為，並不犯法', '入侵他人電腦是違法行為', '撰寫病毒販售，是違法行為', '這些IT成員很可能吃上官司', None]",,0
333,發生網路交易糾紛時，應該如何處理？,"['在網路上留言攻擊對方', '在各留言版公布對方個人資料', '向網站管理單位檢舉', '打電話恐嚇對方', None]",,2
334,2位資訊工程師在颱風前夕惡作劇假造了山寨版的人事行政局網站，並發布放假的假消息。請問下列相關敘述何者「正確」？,"['兩人並無犯罪動機，所以沒有違法問題', '兩人只是展現山寨流行文化，沒有犯罪', '觸犯刑法偽造、變造公文書罪', '兩人只是為了好玩，不用看得那麼嚴重', None]",,2
335,一名網站站長入侵情敵的帳號，觀看對方信件內容並刪除其個人資料。請問以下有關該站長行為的敘述何者「錯誤」？,"['侵犯他人隱私權', '可能觸犯個人資料保護法', '可能觸犯刑法的妨害電腦使用罪', '網站站長有權監視並修改他人資料', None]",,3
336,某大學學生，在未經同意下，以同學的帳號密碼登入學校選課系統，將對方已選的課程退掉。請問下列相關敘述何者「正確」？,"['會觸犯刑法「妨害電腦使用罪」', '會觸犯「智慧財產權法」', '只要可以成功輸入帳號密碼就不算違法', '同學間的惡作劇不算違法行為', None]",,0
337,某電腦公司負責人因離職員工自行創業，且使用原公司的資料來營利，於是利用駭客攻擊手法癱瘓對方新公司的網站。請問下列敘述何者「正確」？,"['離職員工違法使用公司資料在先，所以該負責人可以報復', '該負責人干擾他人電腦或其相關設備，已觸犯刑法', '癱瘓網路連線是商業競爭手段，並不違法', '這只是虛擬世界的事件，所以並不會有觸法的問題', None]",,1
338,在使用電子郵件之際，下列何者是網路禮儀的正確示範？,"['為了確保對方有收到，同封信重覆寄好幾次', '為了不引起誤會，不在電子信件中散布謠言', '為了與好朋友分享，所有信件都一律轉寄給朋友', '夾帶相當大的檔案與他人分享', None]",,1
339,以電子郵件與他人進行意見往返，必須遵守網路禮儀，以下哪一種行為比較合乎網路禮儀精神之「簡潔」與「清楚」的原則？,"['在電子郵件中不洩漏個人隱密之事', '在電子郵件中說明此封信件的主題，並盡量減少對方可能看不懂的文字，例如注音文或網路流行語', '不回覆來路不明的電子郵件', '不轉寄可能是謠言的電子郵件', None]",/Image/80414d43-83a9-4136-94ea-d73ce039d202.jpg,1
340,網路上的人際互動與現實生活一樣，都必須留意互動時的禮貌，以下何者「不是」網路禮儀的基本原則？,"['保持友善的態度', '發言盡量聳動', '尊重他人隱私', '簡潔清楚的表達', None]",/Image/425e5ca5-221f-4657-88bf-2867e778c2cd.jpg,1
341,以下哪個選項「不合乎」電子郵件使用的網路禮儀？,"['引發網路論戰', '寄送垃圾郵件', '使用大量火星文', '以上皆是', None]",,3
342,網路上的聊天室或是留言版都設有發言規定，例如不可對他人造成人身攻擊，或是發言字數不可少於50字，關於這些規定以下敘述何者是「正確」的？,"['這些規定會違反言論自由，應該取消', '反正在這些網站上發言可以使用暱稱，所以不必將規定放在心上', '要在這些平臺發言就必須遵守管理規定', '這是管理者要展示權力的表現，相當不合理', None]",,2
343,網路上的聊天室或是留言版通常設有發言規定，其用意是什麼？,"['為了讓網站的運作符合秩序', '避免惡質網友在網站平臺上惡搞，造成其他使用者的不舒服感', '營造網站的特定風格並保障網站內容品質', '以上皆是', None]",,3
344,在網路上能使用匿名的方式與他人互動，沒有人會知道發言人的真實身分，所以可以任意發言，這樣的觀念是否正確？,"['正確，網路平臺具有百分之百的言論自由，大家可以暢所欲言', '不正確，即使是匿名的發言方式依然受到法律的管束', '正確，所以可以冒充別人的名字發言', '正確，所以在網路上發言可以完全不負任何法律責任', None]",,1
345,網路言論的內容受到下列哪一個規定的管束？,"['智慧財產權', '隱私權', '該網站管理人員自訂的版規', '以上皆是', None]",,3
346,網路聊天室是大家即時溝通討論的好地方，使用網路聊天室時，下列哪一種行為是「錯誤」的？,"['遇到令人討厭的網友可以直接在聊天室中用不禮貌的話嗆他', '有新網友加入聊天室時可以邀請其他網友一起歡迎他', '進入網路聊天室時，延續大家的話題加入討論', '針對聊天室裡網友提出的問題想出方法幫助他', None]",,0
347,下列那一種網路行為可能會造成誹謗罪？,"['盜取別人的信箱帳號密碼', '在自己的部落格上發布批評某人的不實言論', '直接張貼別人的文章在自己的部落格中', '冒用他人的名字在聊天室中發言', None]",,1
348,在他人的部落格或在網路討論區瀏覽、找資料或者想要向版主發問前，應該要遵守該網站的相關規則，以下何種做法「不正確」？,"['遵守著作權，不要隨意複製網站上的東西', '尊重他人的發言，即使不認同也不回覆謾罵留言', '重複詢問已經有他人問過且版主已經回覆過的問題', '不在公開的頁面上談論屬於他人隱私的內容', None]",,2
349,網路論戰多是指在網路討論版上張貼挑釁或攻擊的言語，進而引起一連串的激烈反應。當在網路上遇到挑釁言論時，應該如何處理？		,"['堅持自己的論點，用強烈的字句反駁', '保持冷靜不理會挑釁言論，尊重多元觀點意見', '找自己的好友來一起罵對方', '發起人肉搜索找出張貼挑釁言論者', None]",/Image/a250dfc8-b079-4f31-9a4b-b49e49abe0c8.jpg,1
350,參加網路論壇討論時，應該和實體世界一樣遵守必要的禮節；以下哪一個行為「不合乎」網路禮節規範？,"['在網路上公開他人的照片、電話號碼、地址等個人資料', '送出貼文前，先閱讀自己所寫的文字確認沒有錯別字', '發問前，先搜索及閱讀其他相關的文章，沒有解答才發問', '善用表情符號表達情感，也可展現幽默', None]",,0
351,臉書提供了許多好玩的分享功能，但以下哪一項行為最好不要做？,"['經過朋友的許可才幫朋友打卡', '不斷發布抱怨或霸凌他人的文字', '儘量避免張貼廣告訊息', '分享自己的婚禮照片', None]",,1
352,許多網友會在網路上爆料黑心或不肖店家，張貼這類發言時，需要注意哪些事項？,"['用字遣詞必須適當，否則可能觸犯誹謗罪', '爆料內容最好附上圖片，這樣就不會被告了', '網路是匿名的，即使有謾罵言論也不會被抓到', '誹謗罪只會罰錢，可以放心在網路上言所欲言', None]",/Image/3ee0a8b1-1a52-42c9-899c-088083160731.jpg,0
353,曾有大學生上網留言「校長行政獨裁」的批評文字，結果被校長提出誹謗告訴；有關網路誹謗罪的敘述，何者為正確？,"['誹謗罪若要成立，網路上的誹謗留言須指名道姓才可', '網路上的文字留言只是心情發洩，不算誹謗', '文字或圖案，加上可辨識的誹謗對象，就可能構成誹謗訴訟', '故意將誹謗對方的姓名寫錯一個字，就不構成誹謗', None]",,2
354,有人在網路討論區公開叫囂對罵，我們應該要採取何種行為較為適當？,"['瞭解事情始末，並指責理虧的一方', '不跟著謾罵，回報討論區管理員處理', '張貼裸露性感的美女圖片，降低網友火氣', '透過人肉搜索，公開叫囂者的個人基本資', None]",/Image/992c4f96-50cb-4cb6-b894-88c477625f37.jpg,1
355,在網路上搜尋到疑似外流的機密資料，下列處置何者較為妥適？,"['分享至討論區，並提供網友下載', '揭露予記者媒體製作獨家新聞', '通報相關單位負責人員處理', '當作沒發現，不聞不問', None]",,2
356,網友在人肉搜索時，未經確認就隨意公布或轉載他人資料，可能會觸犯何種法令或犯罪行為？,"['個人資料保護法', '妨害名譽', '誹謗罪', '以上皆有可能', None]",,3
358,網路流傳虐待動物影片，網友隨即人肉搜索並找到該名惡意飼主，關於人肉搜索我們應擁有何種正確的態度？		,"['人肉搜索是伸張正義，懲奸警惡的行為', '人肉搜索是把雙面刃，容易侵害到當事人的隱私', '以牙還牙，面對惡劣的人不用太客氣', '為了避免被人肉搜索，在網路不可留下真實資料', None]",/Image/2cf0d627-c8fa-48ab-a04e-8b4e41dc2640.jpg,1
359,早期網路霸凌多是文字上的攻擊，但隨著智慧型手機的普及，不少人喜歡利用手機拍照或錄影後直接上傳到網路。試問以下哪種行為「不屬於」網路霸凌？		,"['上傳不當拼貼照片', '趁別人離線時傳送一連串的咒罵字眼', '向老師反映霸凌事件', '以其人之道還治其人之身', None]",,2
360,社群網路上常因「熱心」網友轉貼分享，造成許多社會現象，殊不知這樣的熱心可能導致觸法，請問下列選項何者是「錯誤」的？,"['在社群網路上發文投訴或批評，可能涉及誹謗、妨害名譽等侵權行為', '轉貼分享批評文會違反社會秩序維護法', '只是跟著留言批評、附和者，沒有責任', '涉及商譽等侵權行為，無論故意或過失都構成犯罪', None]",,2
361,透過社群網路發表言論時，下列何種行為是「錯誤」的？		,"['偽冒他人身分發言', '轉貼真實且有用的資訊', '發言內容尊重其他人', '不隨意謾罵或嘲笑', None]",,0
362,立宏在網路聊天室碰到有人刻意發出羞辱言辭，或具性暗示訊息讓立宏感到不舒服時，下列做法何者有誤？,"['忽略或將他封鎖至黑名單', '以牙還牙，用更惡劣的話語回敬他', '向網站管理人員檢舉惡意騷擾', '拍照或留存紀錄，並警告他可能觸法', None]",,1
363,釣魚網頁偷取使用者的帳號與密碼，它的主要用意為何？,"['在地下市場販售被盜的帳號謀利', '冒充受害者的身分進行詐騙', '炫耀自己的駭客技術能力', '以上皆是', None]",,3
364,近來常發生在網路上購買機票或報名參加旅行團，付錢後卻遲遲未收到票券，此時才發現是虛設的旅行社。以下何者才是安全的線上購買機票或旅遊行程的方法？,"['選擇信譽佳的旅行社網站，避免將費用匯款至「個人」帳號', '多方比較各家旅行社網站的機票價格，並選擇最低價者', 'ATM轉帳購票沒有使用信用卡，所以比較安全', '網站設計具備現代感，但沒有標示實體聯絡方式的旅遊網站', None]",/Image/0ebd9add-699d-43ea-9f42-cf384fb460f5.jpg,0
365,阿涵的帳號被朋友加入賣假貨的臉書購物社團，他應該如何處理？,"['趕快來瞧瞧有沒有便宜的東西', '立即向臉書檢舉該社團，並退出社團', '邀請更多朋友加入該購物社團', '與賣家聯繫，並提供通訊方式', None]",,1
366,社群網站能讓我們結交更多的朋友，要怎麼做才能避免網路詐騙？,"['網友提出的要求通通答應', '網友就是朋友，朋友有困難當然要幫忙啦', '發現網友提出的與金錢相關或借錢投資等不合理要求時，要提高警覺', '只要與網友沒有金錢上的往來，就不會被詐騙', None]",/Image/c7cb9c40-c3cd-4a17-9686-a94c3ac30219.jpg,2
367,阿蘭發現她的電子郵件信箱可能被駭客竄改密碼，這時候應該要如何處理？請選出「錯誤」的答案。		,"['自認倒楣，趕快再申請新的帳號密碼', '打電話或寫信請官網的客服人員協助', '趕緊自官方網站更改密碼，且一併修改其他網站的密碼', '檢查被盜用的原因，並確認其他網站的帳密是否也遭盜用', None]",,0
368,某貨運公司傳一封簡訊給阿胖，內容為「您的快遞簽收通知單，收件電子憑證（http://xxxx.yy）」，但阿胖並未購買任何東西，此時的他應該要如何處理？,"['回覆此簡訊', '打電話給發信者', '點進連結查看', '不理會此簡訊', None]",,3
369,某書店來電通知陳老師，他於網路訂購的書籍因訂單程序及付款方式有誤，需要透過ATM取消分期付款。請問下列陳老師的處理方式中何者有誤？	,"['打電話與該書店確認', '打電話向165反詐騙專線確認是否為詐騙', '依照電話指示趕快利用ATM取消分期付款', '這已經是詐騙老梗，不需理會', None]",/Image/fe9e4c14-2968-45cb-9c96-127819de1499.jpg,2
370,當收到一封來路不明的電子郵件，主旨為「填寫問卷 抽百萬名車」，下列哪一種做法不妥當？,"['填寫問卷，並留下個人資料', '到網路上搜尋相關資料，確認此封信的真實性', '此為垃圾郵件，應立即刪除', '將寄件者歸類到垃圾郵件黑名單中', None]",,0
371,利用熱心網友於社群網站設立的演唱會賣票/徵票/交換專區購票時，應注意什麼事情？,"['有便宜的票就趕快匯錢過去，免得被其他人搶走', '非來自於官方售票管道的演場會門票有可能是假票', '把所有便宜的票先買下來，再轉賣給其他人', '已經在網路上聯繫過，直接匯款應該沒關係', None]",,1
372,一名女子透過網路交友，被對方以投資名義詐騙了358萬。請問網路交友時應如何避免自己受到類似的損害？,"['不輕信他人以任何名義要求的借貸行為', '先要求和網友見面，再決定是否要出錢投資', '看網友提出的投資金額大小，再決定要不要提供', '要求網友提供公司網站，只要是設有網站的公司，就是可以信任的投資對象', None]",/Image/99d3f0a0-0fc6-4620-a2f4-0b03786b879d.jpg,0
373,網路購物要慎選可信賴的賣方，但挑選條件「不包括」下列哪一項？,"['是否有良好評價', '是否曾遭檢舉', '提供商品是否多樣', '聯繫資料是否明確', None]",,2
374,收到一封自稱是公司資訊人員寄來的電子郵件，內容為更新漏洞程式，這時應該怎麼做？,"['趕快下載安裝，修補漏洞', '先將檔案儲存到硬碟再安裝', '先打電話向資訊人員確認信件內容後，再決定是否安裝', '轉寄給朋友看看', None]",,2
375,有駭客誘騙網友下載知名女星的裸照，藉此入侵民眾電腦竊取個人資料。請問對於預防類似事件，下列敘述何者「正確」？,"['只有朋友寄的電子郵件，才可以開啟這種附檔', '只要安裝防毒軟體就不會被入侵', '瀏覽網站時，不隨意開啟不明連結', '只瀏覽網站不下載檔案，就不會被駭客入侵', None]",,2
376,有民眾在拍賣網站以6千元標到市價上萬元的筆電，卻始終收不到貨，才知被詐騙。請問下列針對網拍購物安全的敘述何者有誤？	,"['只要賣家的網站有提供詳細的商品說明，就可以放心向他購買', '儘量採貨到付款方式', '低於市價太多的商品要小心查證', '可撥打反詐騙專線，請教正確評選商家的方式', None]",/Image/6e30c1ff-e092-4872-87bc-fa41e2d4e15c.jpg,0
377,有駭客利用特製的 PDF 文件，透過垃圾郵件與惡意網頁，誘使民眾開啟文件後入侵電腦。防範類似事件，下列何者「錯誤」？,"['只有朋友寄來的郵件附檔，才可以直接開啟', '不隨意點擊網頁上的不明連結', '修補軟體漏洞，降低被駭客入侵的風險', '不隨意開啟來路不明的郵件附加檔案', None]",,0
378,平時我們可以如何防範網路詐騙？,"['使用可過濾詐騙網站的軟體', '不點選郵件內的連結，萬一點選，切勿輸入帳號密碼', '當要在網路上輸入信用卡或個人資料時，需注意該網站的可信度', '以上皆是', None]",,3
379,選擇安全的購物網站應該考量的重點是什麼？,"['最多的商品', '網路信賴付款機制', '最便宜的價格', '以上皆是', None]",,1
380,一名女子上網求職，卻被詐騙集團騙走「工作保證金」。請問應如何避免類似的詐騙事件？		,"['不要使用網路求職', '注意相關新聞，並小心求證該公司的可信度', '安裝最好的防毒軟體', '不要使用公用電腦', None]",/Image/ed112118-29e9-4170-86ed-f521f9868619.jpg,1
381,收到陌生人寄來的電子郵件，主旨為「填資料送NBA夢幻隊簽名球」，請問你應該如何處理？		,"['趕快連到網站填寫資料，以免球都送完了', '好東西要與好朋友分享，所以轉寄給其他球迷', '填寫所有親朋好友的資料，增加中獎機率', '這可能是釣魚網站，不要隨意點選連結', None]",/Image/1ab28669-3f2e-4408-85c9-d6d7fcc71e70.jpg,3
382,收到銀行寄來的電子郵件，內容是立即更新個人資料可得一萬點紅利點數，請問你應該如何處理？	,"['立即更新個人資料以獲取紅利點數', '不要點選郵件中的網址，應搜尋該網站的相關資訊，查詢是否真有此活動', '只要確認與該銀行有往來，即表示這封電子郵件沒問題', '點選郵件中的連結，只要網頁確實顯示為該銀行，即可放心填寫資料', None]",/Image/e1b1294a-0d1d-4f78-8c3b-b6f820f74469.jpg,1
383,在拍賣網站上看到最新型的智慧型手機只賣原價的四分之一，以下敘述何者是比較適當的作法？,"['事不宜遲立刻下標，並馬上匯款，先買先贏', '立刻轉寄給親朋好友，團購優惠可以賺更多', '售價過低很可能是詐騙。若決定要購買，應確認賣家可信度，並避免直接匯款', '一定是賣家標錯價格，趕快多買幾', None]",/Image/674416df-f3b2-4988-af13-f23613639705.jpg,2
385,網路購物後，接到來電通知說轉帳付款設定錯誤，若不立即到ATM取消設定，將被重複扣款。請問下列敘述何者正確？,"['立即到ATM操作，以免被扣款', '因為真的有購買對方說的商品，所以這確實是購物公司的來電通知', 'ATM並沒有取消分期付款設定的功能，這一定是詐騙電話，可撥打165反詐騙專線報案', '只要不把提款卡密碼給對方，都不會發生被詐騙的情況', None]",/Image/5e707a12-7fbd-4977-97f8-70e1d74922e9.jpg,2
386,當收到銀行寄來的緊急通知電子郵件，要求更新密碼以策安全，這時應該如何處理？,"['不要開啟信件中的網址連結，應自己輸入銀行的網址', '輸入帳號密碼時，要特別注意是否為真的銀行網站', '可以查詢並撥打銀行電話求證，避免直接使用信件中的聯絡電話', '以上皆是', None]",,3
387,收到社群網站寄來的電子郵件時，請問要如何分辨這是否為詐騙的釣魚郵件？	,"['搜尋該網站的相關資訊，查詢是否真有此訊息', '確認郵件內容有沒有該網站的標識', '立刻點選郵件中的網址，確認是否連到該社群網站', '查看寄件人的署名是否為該社群網站', None]",/Image/e204a12e-e3c7-4b3f-aefa-3524636f317b.jpg,0
388,社群網站 facebook 常被駭客用來詐騙民眾個資或散布電腦病毒。請問下列何者可能是駭客的詐騙伎倆？,"['將網址上 facebook 的 face 改成 faec 的釣魚網站', '宣稱下載檔案就有機會抽中平板電腦', '寄發 facebook 帳號通知郵件，並請民眾開啟附檔', '以上皆是', None]",,3
389,發生網路交易糾紛時，可以向哪個單位或透過哪種方式尋求協助？,"['各縣市政府的消費者保護官員', '到行政院消費者保護會網站 (http://www.cpc.ey.gov.tw) 查詢相關資訊', '撥打全國消費者服務專線1950', '以上皆是', None]",,3
390,facebook 遭駭客入侵會員帳戶，並寄發 E-mail給朋友清單，要求開啟假造的網站連結。請問下列何者為「正確」的因應方式？,"['只要沒有輸入個人資料，點選連結也沒關係', '只要不開啟附檔，就可以點選連結', '即便是朋友寄來的電子信件也有可能被駭客所利用，可先請教寄件人是否有發送過此封信', '寄給其他人，請他們先開', None]",,2
391,一些購物網站的首頁會出現安全交易認證標章，這些標章代表什麼意思？,"['該網站是大公司', '該網站通過驗證機構的交易安全檢驗', '該網站不會被駭客入侵', '以上皆是', None]",,1
392,電腦駭客可能透過哪種方式來騙取我們的帳號與密碼？,"['利用 LINE 等通訊APP傳送假造的釣魚網站連結', '利用電子郵件傳送假造的釣魚網站連結', '利用像是臉書等社群服務平臺的留言區留下假造的釣魚網站連結', '以上皆有可能', None]",,3
393,如果發現某銀行網站是偽造的，但是我已經輸入帳戶資料，我應該怎麼辦？,"['繼續使用信用卡，因為對方只知道信用卡資料，仍然無法盜刷', '繼續使用信用卡，因為盜刷的問題銀行會負責處理', '通知銀行我的信用卡資料外流，並停用該信用卡', '寫信告訴對方，我輸入的資料是錯的', None]",,2
394,詐騙電話手法不斷翻新，下列哪一項「不是」正確的防範觀念？,"['注意時事新聞，留意新的詐騙手法', '只要沒有要求操作 ATM，應該就沒問題', '對於莫名的來電，都應提高警覺心，並向165反詐騙專線查詢', '對於突如其來的好康消息，要提高警覺，不要貪小便宜', None]",,1
395,接到疑似是詐騙電話或釣魚郵件時，請問你應該如何處理？,"['撥打165反詐騙專線求證', '依據來電顯示號碼，上網查詢是不是對方所說的單位', '回撥對方提供的電話號碼求證', '只要不是要求操作ATM，就不用擔心', None]",/Image/e1542ce0-2ec3-4e95-9d9b-80af5ac6e5f4.jpg,0
396,詐騙集團除可以顯示竄改的電話號碼來詐騙外，還可以變更行動電話的序號，躲避警方追查。面對詐騙風行，下列哪一項預防觀念是「錯誤」的？,"['多注意時事新聞，留意手機詐騙事件', '只要不是要求轉帳的電話，應該就沒問題', '不要隨意洩漏個人資料及手機號碼', '突如其來的好康消息，要特別留意', None]",,1
397,接到拍賣賣家來電通知 ATM 轉帳設定錯誤，並指示您去更正設定，下列哪一種處理方式是「錯誤」的？,"['這是詐騙手法，不須理會處理', '向165反詐騙專線查詢', '依對方指示至 ATM 操作取消設定', '以上皆非', None]",,2
398,防止自己淪為詐騙受害者，應該具備下列哪一個觀念？,"['不要隨意留下個人基本資料', '不要貪小便宜', '涉及財務處理的來電，要小心求證', '以上皆是', None]",,3
399,接到購物網站客服人員來電通知信用卡扣款錯誤，且來電號碼顯示 0800，應該如何處理？ ,"['0800 來電應該是真的，依對方指示辦理 ', '與對方確認信用卡號是否正確，若正確則依對方指示辦理', '先上網或打查號臺查詢購物網站的電話號碼，再致電去確認', '不用理會', None]",,2
400,下列對網路釣魚 (Phishing)的敘述，何者是「正確」的？,"['phishing 一詞是結合 phone 和 fishing 而來', '詐騙方式包括冒充知名公司發出假 E-mail，騙取使用者輸入銀行帳號等機密資訊', '詐騙方式包括冒名為修補程式的 E-mail，讓不知情的使用者開啟附加檔案', '以上皆正確', None]",,3
402,一封詐騙的電子郵件可能顯示出合法公司的商標、圖像和網址以取信於消費者，並騙取其個人資料。這一類的電子郵件詐騙行為又稱之為何？,"['網路釣魚', '網路信箱', '網路郵件', '垃圾郵件', None]",,0
403,以下何者為詐騙電子郵件經常出現的特徵，當看到這類信件時，應該要提高警覺？,"['該電子郵件告知你，你已經成為詐騙的受害者', '郵件中顯現出的連結網址與實際連過去的網址不一致', '你從未主動接觸該E-mail的寄件者，也沒有預期會接到與寄件者相關的信件', '以上皆是', None]",,3
404,日前有許多網站留言版被張貼援交詐騙廣告，一旦回覆留言，就會收到黑道的恐嚇與勒索。對於網路援交詐騙的描述，何者正確？,"['援交詐騙訊息會強調「有照片」，加入後可以先提供照片給援交客挑選', '援交詐騙訊息會強調是學生或是上班族兼差，降低援交客的警覺度', '援交詐騙大多數會約在附近有ATM的地點', '以上皆是', None]",,3
405,近期常發生有心人士以「有空來我的部落格逛逛吧」誘騙受害者點選連結，先讓受害者的電腦感染木馬病毒，再盜取帳號詐騙他的朋友。如何才能避免此類狀況發生？,"['安裝防毒程式，電腦就不會中木馬病毒', '許久沒聯絡的朋友突然傳訊息給你時，要特別注意訊息內容的真偽', '因為是用公司電腦上網，若中毒，可以靠資訊人員幫忙解毒，所以可以放心點選超連結', '朋友請我幫忙，一定要幫到底才是好朋友', None]",,1
406,警方破獲網路拍賣名車詐騙集團，該集團透過網拍以低於市場行情價格進行誘騙，詐騙消費者訂金達300萬元。請問在網拍上購物避免被詐騙的描述，何者「不正確」？,"['低於市價太多的商品，可能是商品快要過期，或者有高度的詐騙風險', '注意該店家是否提供清楚的商家地址、聯絡電話、傳真、電子郵件，並加以求證', '促銷活動是商家經常使用的行銷手法，低價品不必過於大驚小怪', '金額過高的商品，如汽車、珠寶、名牌包包，盡量確認商品真偽後才付款', None]",,2
407,收到催繳卡費的信用卡通知電子郵件，下列何種處理方式是「不正確」的？,"['撥打信用卡背面之客服電話確認', '立即點選電子郵件中的連結進行線上轉帳', '到銀行臨櫃辦理繳費', '另外從瀏覽器中輸入銀行網站網址，登入進行線上轉帳', None]",,1
408,胡迪想要避免收到詐騙的電子郵件，下列方法何者有誤？,"['收到疑似詐騙之電子郵件，回信請他不要再寄了', '不隨意提供E-mail資訊', '將詐騙的寄件者封鎖至黑名單', '開啟垃圾郵件過濾', None]",,0
409,阿杏收到老闆傳給她的 LINE 訊息，只有出現一個網站連結，以下阿杏的哪個行為是錯的？,"['老闆傳訊息來應該是急事吧！趕緊點開來看', '直接關掉', '主動聯絡老闆，確認是否有傳送訊息', '先把連結送到防毒網站掃描', None]",,0
410,小郭在拍賣網站看到超級便宜的商品在拍賣，以下小郭的哪個行為是正確的？,"['聯繫賣家確認是否還有商品在販賣', '立刻下標匯款，確保不會被其他人搶光', '先看看賣家的評價，沒有負評就可以相信他', '提問相約面交或是採用貨到付款', None]",,3
411,網路拍賣的詐騙行為，就算是評價優良的賣家也有可能被盜取帳號來進行詐騙，下列辨識方法何者有誤？,"['查看賣家之前的販賣商品紀錄，是否差異過大', '查詢類似商品價格，是否相差過大', '查看賣家的商品說明是否完整', '查看賣家前一筆的交易評價時間，是否間隔過久', None]",,2
412,曾經有惡意程式偽裝成防毒軟體，再強迫使用者購買解毒程式。為了降低惡意程式入侵，程式安裝之前應該進行哪些措施？,"['查詢程式名稱與軟體發布者，不隨意安裝程式', '確認程式來源是否為正式網站，而非網路分享傳檔', '使用掃毒軟體掃描', '以上皆是', None]",,3
413,田蜜蜜在網路人力銀行找到月薪4萬的工作，面試時雇主通知即刻錄用，但要先繳交2萬的保證金，請問田蜜蜜接下來該怎麼做才對呢？,"['工作難找，先繳交保證金', '繳錢免談，婉拒雇主', '請雇主給緩衝期，找朋友借錢', '跟雇主討價還價，少繳一點保證金', None]",,1
414,有些購物網站舉辦優惠活動，限時提供免費加入會員。請問註冊時應注意的事項，下列何者「不正確」？,"['確認網站是否蒐集過多個人資訊。', '查看網站是否提供隱私權聲明。', '優惠活動為限時搶購，快速註冊以免向隅。', '至經濟部商業司查詢是否為合法公司。', None]",,2
415,網路釣魚手法不斷翻新，避免受害的最好方式為何？,"['遇到可疑的網址寄給朋友請他先試驗看看', '若收到軟體更新的信件，不要直接開啟信件中的網站連結，而從公司的官網中進入下載更新軟體', '只要下載防毒軟體就可以避免受到釣魚網站的威脅', '只要網址列有 https:// 即不會受害', None]",,1
418,在社群網站動態消息中，看見好朋友發出「我在這段影片中看到你......」的訊息，點選訊息後，自己的帳號就被盜用了。請問下列哪個處理方式「錯誤」？	,"['利用社群網站的檢舉功能向管理者反映。', '可以到社群網站帳號設定的功能中，找出他人登入自己帳號的IP位址。', '趕快提供帳號密碼，請好朋友協助處理。', '設定社群網站的「登入警告」功能，確保帳號每次被登入時，自己都能收到系統發送的通知。', None]",,2
441,駭客利用熱門新聞議題發送垃圾郵件，引誘民眾開啟含有惡意程式的附檔，散播電腦病毒。當收到這類郵件時，我們應如何處理？		,"['馬上轉寄給親朋好友。', '立刻開啟附加檔案。', '回信給寄件者，告訴對方以後別再寄信。', '不隨意開啟來路不明的附檔，並用防毒軟體進行掃毒。', None]",,3
446,如果你收到社群平臺寄來的郵件，通知會員帳號已全面更新，詳情請見附檔。請問這時你應該怎麼做？,"['呼籲有在使用同樣社群平臺的朋友一起更新帳號，以免以後失聯。', '不點選信件，利用搜尋引擎或直接至官方網站查證。', '趕快打開附檔，用新帳號登入網站。', '馬上回信，請對方不要再寄來了。', None]",,1
452,朋友以電子郵件轉寄給我最新醫學常識的資訊，以下做法何者「正確」？,"['直接刪除。', '轉寄時，原寄件者也必須包含在內，讓對方知道訊息有被轉出。', '最好是將要轉寄的名單提供給對方，請他幫忙轉寄。', '保持謹慎懷疑的態度查證訊息正確性。', None]",,3
463,小春向爸爸借用手機來玩遊戲，突然收到遊戲公司送出的廣告網址連結。請問小春是否應該要點選？	,"['每一支手機都會收到廣告訊息，這很自然，不必緊張，可以點選看看。', '廣告連結說不定有特別的優惠，可以點選或下載玩看看。', '任意點選廣告連結，手機可能會被病毒感染，不可隨意點選或下載不明連結。', '可以點選下載玩玩看，不喜歡再刪掉就可以了。', None]",/Image/17b15f1b-83ab-4799-9439-378bfcd8184a.jpg,2
465,菲絲在下載App時，發現有些App會要求存取一些奇怪的權限，下列哪一個App可能最不安全？	,"['「交通便利貼」App要求存取你的所在位置。', '「愛玩咖相片」App要求存取你的相片。', '「頓點日曆」App要求存取你的行事曆。', '「哈拉手電筒」App要求存取你的所在位置。', None]",/Image/121480c1-15db-4433-86c2-0f28cda01dd7.jpg,3
466,手機也有可能會感染電腦病毒，下列何者「不是」手機中毒後可能會發生的現象？	,"['手機帳單費用變很高。', '上網的流量不正常增加。', '個人資料遭到偷竊。', '手機表面冒出水滴。', None]",/Image/af2e5a36-9c22-4dc1-ad3e-635bb9e35ff6.jpg,3
467,有人傳訊息告訴你，只要把訊息轉寄10位朋友，就可以獲得精美禮物，你應該怎麼辦？	,"['先看禮物是不是我喜歡的，再做決定。', '不理會他，以免垃圾訊息造成朋友的困擾。', '趕快轉寄給 20 位朋友，並請對方寄給我 2 份禮物。', '轉寄完後，趕快打電話問對方禮物如何索取。', None]",/Image/c9a814d1-5f58-4e83-aaa9-4948a8f6b0ca.jpg,1
468,以下幾位同學在使用網路時都有一些特殊的習慣，你能判斷那一位同學可能有出現網路沉迷的情況了嗎？,"['中中在使用電腦之前，會設定每隔50分鐘就響起的鬧鐘，當鬧鐘響起後就會起身活動 10 分鐘。', '小凱請媽媽每隔1小時就提醒他應該離開電腦螢幕。', '小誠雖然知道應該要先把功課完成，但卻無法克制自己想要玩線上遊戲的念頭。', '小昭請媽媽幫忙規劃使用電腦的時間表，並按訂定的時間確實執行。', None]",/Image/c9365bb9-b645-466b-ab91-9568902e0647.jpg,2
469,網路沉迷是指花了太多時間在玩線上遊戲，我只是花很多時間寫自己的部落格，不算是沉迷。請問這個說法正確嗎？,"['正確，好的部落格需要大量時間經營。', '不正確，若寫部落格所花的時間過多，甚至影響到睡眠時，就有沉迷的傾向。', '不正確，因為寫部落格不需要花很多時間。', '正確，因為部落格不是遊戲，所以不會沉迷。', None]",/Image/a22afd33-573f-49dc-99b8-b888bdf804a1.jpg,1
470,上網時間過多、過度依賴網路，可能會造成網路沉迷。因此，學習管理上網的時間可以避免發生沉迷的問題，請問還有什麼技巧可以幫助我們避免過度上網？,"['遇到問題時，不只是從網路上尋找答案。', '邀請朋友一起玩臉書或是手機遊戲。', '每天都上傳照片更新自己的網路相簿。', '和級數高的遊戲玩家做朋友一起打怪。', None]",/Image/38b69c64-0fef-418d-b0b1-67bad7fee675.jpg,0
471,公共場所隨處可見一直盯著手機或平板電腦的「低頭族」。請問下列有關「低頭族」的敘述何者「錯誤」？	,"['可能導致近視度數加深。', '容易引起脊椎病變。', '低頭族是珍惜光陰，不浪費時間的最佳表現。', '過馬路時還當低頭族是危險行為。', None]",/Image/266cc35f-aba6-4a5c-8b46-770b435bf03c.jpg,2
472,在網路上看到關於朋友的八卦或謠言時，我應該怎麼做？	,"['到處跟其他人談論這個八卦。', '轉貼到自己的部落格，增加人氣。', '不要輕易相信或散布網路上的八卦消息。', '轉寄給親朋好友。', None]",/Image/60e900f6-e76e-4552-9375-2a5cd173ed55.jpg,2
473,網路虛擬世界裡，常發生中年男子偽裝成年輕男女，誘騙結交網友的實際案例。請問網路交友時應如何保護自己避免受騙上當？,"['在瞭解對方之前，不輕易在網路上透露自己的個人資訊。', '以誠相待，將自己的私密資訊都告訴網友。', '將自己的朋友也介紹給網友，這樣有伴會比較安全。', '自己也假冒別人的身分結交網友。', None]",/Image/03445b90-7a9a-4283-b455-737d8a59d17c.jpg,0
474,剛升國一的小美在交友網站上和認識3天的男網友以老公老婆互稱，男網友要求小美傳送清涼照鑑定。請問小美收到這樣的請求後應該如何處理較為正確？	,"['為了不讓對方生氣，趕快傳送自己的清涼照片給對方。', '從網路上找別人的照片寄給對方。', '不理會該名網友的要求，並從交友網站中封鎖或刪除該名網友的好友關係，並將此事告訴師長。', '把這名男網友的個人資料公諸於世，並警告其他女網友避免再次上當。', None]",/Image/ac6c578f-c21d-431a-8bbb-ce6cfcc39015.jpg,2
475,小美最近在網路遊戲認識一位網友，對方向她提出一些要求。請問下列哪一項網友提出的要求是「不合理」的？	,"['兩人相約單獨出去玩，不要告訴其他人。', '互留通訊軟體帳號，分享遊戲心得。', '互留電子郵件信箱，分享遊戲資訊。', '在同一個網路聊天室一起聊天。', None]",/Image/5dd4df6d-74e5-4a06-b7d2-0644ded3659e.jpg,0
476,近六成的臺灣民眾曾在網路上結交朋友。請問關於在網路上進行社交活動的敘述，下列何者是「正確」的？	,"['網路上有許多社群存在，讓志同道合的朋友可以加入', '透過網路交友，每個人都不需面對面交男女朋友', '社交生活都可用網路社交來取代', '可以向剛認識的網友吐露心事與隱私資訊', None]",/Image/7af52ed2-5589-4f93-841a-a24908b96ea4.jpg,0
477,網路交友未必都是壞事，但是要瞭解如何保護自己。請問與網友相約見面時，下列何者是必須要遵守的原則？,"['絕對不單獨赴約，並且須讓家長知道或陪伴。', '注意對方長相是否好看。', '網友提供的食物可以安心食用。', '約在人越少的地方越好。', None]",/Image/7eed7251-7483-4c63-bb1b-b22224a5803f.jpg,0
478,小愛收到表哥傳來的訊息，請她幫忙去便利商店購買遊戲點數。請問下列小愛的處理方式中何者有誤？	,"['打電話問表哥是否有傳訊息。', '這是常見的詐騙手法，不需理會。', '表哥有難一定要幫忙，趕快去便利商店幫他購買遊戲點數。', '表哥的帳號可能被盜用，通知親朋好友要多加留意此類訊息。', None]",/Image/e3ebc2fb-066d-4680-9beb-85ea518af047.jpg,2
479,請問遊戲軟體（包含電腦、電視及掌上型遊樂器使用之遊戲軟體）總共分成幾級？,"['2級（非限制級、限制級）。', '3級（普遍級、輔導級、限制級）。', '4級（普遍級、保護級、輔導級、限制級）。', '5級（普遍級、保護級、輔12級、輔15級、限制級）。', None]",/Image/c3d5804d-9839-44c2-9257-e5a3c22ee7e1.jpg,3
480,使用網路銀行時，請問選擇下列哪一組密碼比較安全？		,"['bank', 'bank1234', 'bankbank', '1Ba23$nK4', None]",/Image/074a5fdb-d4bb-45c0-99b8-6cc8d5ba1000.jpg,3
481,小敏新申請一個電子郵件信箱，請問她應該如何妥善使用呢？	,"['跟好朋友小雪一起共用電子郵件帳號。', '定期收信，並開啟垃圾郵件過濾功能。', '將電子郵件帳號公布在網路上讓網友們知道。', '偽裝身分寄惡作劇的信給同學。', None]",/Image/ccd92dda-be6d-4e59-b213-c07cda861536.jpg,1
491,當智慧型手機被植入惡意程式時，可能會執行那些行為？,"['攔截並讀取手機的簡訊內文。', '將簡訊發送至特定號碼。', '自動撥打電話。', '以上皆是。', None]",,3
492,請問下列何者是惡意 Apps 可能產生的行為？,"['在手機使用者不知情的狀況下偷取手機裡頭的相片。', '讀取並傳送手機內的聯絡簿資料至外部。', '在使用者不知情的狀況下，自動發出簡訊。', '以上皆是。', None]",,3
493,請問下列何者是惡意 Apps 可能產生的行為？,"['在手機使用者不知情的狀況下偷取手機裡頭的相片。', '讀取並傳送手機內的聯絡簿資料至外部。', '在使用者不知情的狀況下，自動發出簡訊。', '以上皆是。', None]",,3
494,在學校或網咖等地方使用公共電腦，應該注意哪一種可能的風險？,"['使用隨身碟存取檔案，可能感染病毒。', '若有輸入密碼，可能被側錄。', '若有輸入個人資料，可能遭外洩或盜用。', '以上皆是。', None]",,3
495,智慧型手機越來越盛行，低頭滑手機的「低頭族」也越來越多，請問下列有關「低頭族」的敘述哪一項正確？ ,"['不會引起頸椎疾病。', '邊走路，邊低頭滑遊戲，可以增加升級效率。', '眼睛因為長時間盯著螢幕，得以鍛鍊眼部肌肉。', '可能因為忽視周遭危險因素造成事故。', None]",/Image/2dc0089f-24b1-4c8b-9071-7c22ba6d47f2.jpg,3
496,下列哪一個現象很可能是網路沉迷的徵兆，當自己或家人出現該行為時必須要提高警覺？,"['可以自己控制使用電腦的時間。', '每天出門前都會上網查詢天氣預報。', ' 每天為了玩線上遊戲造成三餐及睡眠都不正常。', '使用電腦固定時間會起身作伸展運動。', None]",/Image/1bfce87d-3d4e-4c9e-9d76-93150d970722.jpg,2
497,小美買了一臺新筆電，喜歡熬夜與網友聊天，長期累積下來可能會造成什麼後遺症？,"['網路沉迷，影響自身的身體健康與家庭關係。', '視力越來越好，社交能力也越來越好。', '打字速度變快，個人的工作效率大幅提升。', '現實生活中朋友越來越多。', None]",/Image/050998dd-9974-4cb9-a2ee-921a687277b0.jpg,0
498,小華一發現他在社群網站分享的文章按讚數過低，就會出現焦躁甚至有暴力傾向，請問小華的家人要怎麼樣幫助他？,"['邀集親朋好友幫忙按讚集氣。', '刪除小華的社群網站帳號。', '鼓勵小華放輕鬆，且更注意他的網路使用習慣。', '斥責小華的暴力行為。', None]",/Image/4d638058-9b1c-4a25-b4a0-2c76e2d0c470.jpg,2
499,以下哪一項是網路沉迷的可能成因？,"['實體活動的參與意願低。', '喜歡從事戶外活動。', '喜歡與朋友聊天，常出席社交場合活動。', '現實世界中獲得許多成就感。', None]",/Image/a49fa86a-e755-410c-80bc-ab3d58811716.jpg,0
500,如果看到有人在公開討論區用不雅文字互相攻擊，我們應該要採取何種行為較為適當？,"['不明就裡，直接指責理虧的一方。', '回報討論區管理員處理。', '鼓勵雙方截圖提告。', '透過網路人肉搜索，公開當事人的個資。', None]",/Image/9880efd6-9e22-446d-84e2-696757534537.jpg,1
501,在網路上發表個人言論時，下列哪一種行為是正確的？,"['在網路上散布不實言論，而造成他人名譽損傷，只要匿名就不會造成誹謗罪。', '網路是開放的，無需他人同意即可轉載或轉錄他人言論、文字。', '尊重他人的發言，避免發表攻擊或偏見的言論。', '遭受到網友的言論攻擊時，一定要立刻留言反擊。', None]",/Image/b90f9e22-eafc-4d52-b77a-beaa0d72561a.jpg,2
502,以下哪一個選項「不合乎」撰寫電子郵件應有的網路禮儀？,"['不傳送垃圾郵件，以免造成收件人困擾。', '確認附件檔案大小以及可用性。', '郵件內容主題明確，言簡意賅，也要記得署名。', '使用大量火星文、注音文或新潮用語。', None]",/Image/c4db7711-aa23-47b0-95c6-c2f3bf3724b9.jpg,3
503,當有新的成員加入通訊軟體群組中，我們應該如何進行互動交流？,"['要求新成員分享個人清涼照。', '表現出歡迎與友善的態度。', '建議不要回應特定成員的留言。', '詢問新成員的家庭背景與經濟狀況，加速彼此的認識。', None]",/Image/1dc1f283-31ec-4640-ad95-11cb1f0efc8d.jpg,1
504,在留言板中看到網友發表不當的攻擊言論，下列哪一個因應方式可能較適當？,"['立即回應予以抨擊，看誰能吵贏。', '善意提醒該言論可能引發的法律風險。', '將這段內容轉發至其他網路平臺。', '呼應該名網友的言論，一起謾罵攻擊。', None]",/Image/fa9cdf74-234b-44c0-87a2-976a73682de1.jpg,1
505,近年來社群網站很流行，可以向朋友分享近況及互動按讚，請問下列哪一種行為可能會導致個人隱私的危害？       ,"['不填寫完整的個人資料。', '避免在其他平臺使用同一帳號。', '將貼文隱私選項設定為公開狀態。', '過濾分享的內容，避免私密資訊的發布。', None]",/Image/7e21fd0c-35b4-4a8a-b426-6d64207fc7f8.jpg,2
506,阿廣每天都會利用社群網站追蹤朋友的動態，請問以下哪一種行為較「不恰當」？,"['看到朋友有趣的照片給予按讚認同。', '發言詢問美食餐廳地址。', '未經朋友同意就分享朋友的照片與動態。', '朋友發表與自己立場不同的言論，還是予以尊重，不留言攻擊。', None]",/Image/584445d5-6855-403b-9048-594b5db52ffa.jpg,2
507,近年來因網路及行動裝置的普及，讓網路直播成為一門新興職業，以下哪一種行為是身為直播主應該要注意的？,"['穿著暴露的服裝吸引觀眾。', '直播時辱罵他人。', '選擇安全的地點進行直播。', '直播時做出危險行為。', None]",/Image/de6f8eef-fe19-4afa-90c1-38b318ffd871.jpg,2
508,社群網站能使朋友間的聯繫更為緊密，但容易淪為詐騙集團的犯罪工具，關於防範社群網站的詐騙，以下敘述哪一項正確？,"['只要跟金錢無關就沒有問題。', '我的朋友都是好人，絕對不會向我行騙。', '對於網友的要求都要小心謹慎。', '義不容辭幫久未連絡的朋友購買點數卡。', None]",/Image/77e80e6f-9403-48a3-969e-c6df2f0701e0.jpg,2
509,透過社群網站平臺，可以快速傳播商品資訊，如果想要利用社群網站平臺進行行銷推廣，請問以下敘述哪一項正確？,"['必須遵守社群網站平臺相關規範。', '批評競爭對手的商品，抬高自身產品價值。', '誇大產品功能，引起注意力。', '分享與商品無關的模特兒圖片吸引注意。', None]",/Image/6e782e9a-733e-4b79-ac00-1820303457cb.jpg,0
511,為參加網路抽獎活動，在輸入自己的個人資料時，應注意什麼事項？,"['應詳閱網站的保密政策及隱私權政策，瞭解個人資料的使用範圍及目的。', '活動提供的獎品是否為停產的型號。', '獎品價值是否有超過一萬元以上。', '得獎名單的公布日期。', None]",/Image/1fbd673d-ec58-48c7-866d-d2e379c743a6.jpg,0
512,以下哪一種人的個人資料不受「個人資料保護法」的保護？,"['已死亡者。', '80歲以上的年長者。', '未成年者。', '自然人。', None]",/Image/47c53f8b-3fea-4c72-be2e-96bd7dc1928f.jpg,0
513,有關我國「個人資料保護法」主要目的為避免人格權受到侵害，請問其中所指的個人資料「不包含」下列哪一項？,"['姓名與身分證字號。', '醫療與病例資料。', '犯罪前科紀錄。', '外貌美醜。', None]",/Image/d52d92bd-4266-42f1-b43b-f442828516f8.jpg,3
514,個人資料遭受洩漏的事件時有所聞，以下哪一項「不是」導致此情形的原因？,"['國內對於個資外洩沒有相關的罰則。', '輕忽駭客入侵的風險。', '網站平臺的系統漏洞沒有修補。', '個人資料保護的防護措施不周全。', None]",/Image/c55a0d54-a60a-49a7-82cb-df9f34a870cc.jpg,0
515,在安裝與使用APP時，為了避免個人資料外洩的風險，以下敘述哪一項正確？,"['安裝防毒APP就能避免個人資料洩漏。', '不要安裝免費的APP就能避免個人資料洩漏。', '審慎\x08給予APP存取權限。', '隱私權聲明內容太多，隨便看看就好。', None]",/Image/970de2c1-3e49-418d-91c8-bb93ce6b89e4.jpg,2
516,"創作共用授權條款（Creative Commons License, 簡稱CC授權）保障了創作人的著作權，也能讓使用者在符合條件下進行使用與散布該著作，以下有關CC授權著作的描述哪一項較為正確？","['只要有標示CC授權的著作即可隨意修改。', '只要註明出處，就可以隨意利用有CC授權標示的照片。', '只要已被標示為CC授權，創作人就失去提出侵權抗議的權力。', '須遵循創作人設定的授權條件，有時也有可能需要付費。', None]",/Image/2cf263e4-1aa4-4c00-bb43-270ac6f5e591.jpg,3
517,好友透過即時通訊APP傳遞熱門院線電影影片給你，請問以下哪一項是正確的？,"['即使沒有將影片下載至自己的手機內，朋友傳非正版影片給我，我一樣是侵犯著作權的共犯，亦已構成違法行為。', '因為是私下的傳遞，所以沒有著作權的問題，可以放心下載來看。', '畢竟不是自己上傳的影片，所以轉傳影片至其他非公開群組也沒關係。', '此種行為已經違法，應提醒好友停止傳遞的行為。', None]",/Image/dc4f432c-a00e-4c40-92ec-f9ea2527b0f4.jpg,3
518,依照著作權法規定，一件作品受到著作權保護的首要條件必須是有人類精神力灌注其中的作品，下列哪一項屬於著作權法所保障的範圍？,"['公開在攝影比賽網站的優勝作品。', '貓狗自己用腳印亂沾顏料的畫作。', '猴子對著鏡頭露齒微笑的自拍照。', '逗號、句號、分號等的標點符號。', None]",/Image/f94974bb-42a1-4c5c-8ed5-70b8113d9917.jpg,0
519,小明在網路上看到一篇文章覺得不錯，進而轉載文章，最後被告知侵犯了著作權，以下方式哪一項可以讓他避免侵犯著作權？,"['修改文章標題後再發布。', '徵求原作者的同意並在文章內載明資料來源，如作者名、時間年份等。', '把文章分成上下兩篇，不要一次全部轉載。', '調整文章段落順序。', None]",/Image/895d4bd0-7c35-4c0a-8690-23db466b4fd6.jpg,1
520,關於免費軟體的使用，以下哪一種行為較為恰當？,"['在公司電腦使用免費家用版本。', '將免費軟體以相當便宜的價格賣給朋友。', '推薦朋友至免費軟體官網下載。', '將多套免費軟體燒成光碟片贈送給朋友。', None]",/Image/400137e6-f250-4a8f-8c0e-36cd8d6c4c09.jpg,2
521,小智收到一封帶有附件檔案的電子郵件，內容描述自己常用的某個網路平臺帳號被盜用，請立即點擊信中連結前往修改密碼，請問下列哪一種處理方式是小智的最佳選擇？,"['查看附件檔案內容。', '利用平臺官網的正式登入頁面進行登入確認，或與官網管理者詢問。', '回覆寄件者詢問細節。', '立刻點擊連結，修改密碼。', None]",/Image/e495c7be-3391-4151-b2db-13eb2c79d4e2.jpg,1
522,收到知名購物網站寄來活動中獎通知郵件時，請問要如何分辨是否收到詐騙的釣魚郵件？,"['到官方網站查詢是否真有此活動訊息。', '趕快把這訊息分享給所有社群朋友，讓大家幫你驗證。', '立刻點選郵件中的網址，確認是否連到該購物網站。', '撥打郵件中提供的客服電話直接詢問。', None]",/Image/f89f8387-6253-4936-be46-0adda1da0913.jpg,0
523,網路交易後接到疑似詐騙的電話，多方的查詢及確認是不二法門，下列哪一種做法較為正確？,"['撥打165反詐騙專線進行確認。', '仔細聽從對方的指示。', '不要告訴其他人自己可能被詐騙。', '反覆的向對方詢問、確認。', None]",/Image/323b78cf-f944-4843-bef6-f839dd5e6520.jpg,0
524,小剛透過交友平臺認識一位心儀的女性，該女性常藉口家人生病或投資失敗等各種名義，希望小剛能匯錢給她應急，如果你是小剛，你會怎麼辦？,"['朋友有難，應立即匯款救援。', '盡量避免與網友有金錢上的往來。', '馬上謾罵對方，質疑對方詐騙。', '先匯部分錢就好，不要全部匯款。', None]",/Image/b746b9a5-16b1-4d1d-8817-b22f65581a4a.jpg,1
526,被不明人士使用通訊軟體邀請加入購物群組，以下哪一種是最佳的處理方式？,"['檢舉該帳號並退出群組。', '看看有沒有想要購買的商品。', '將通訊軟體從手機移除。', '好東西要與好朋友分享，拉朋友一起加入群組。', None]",/Image/c5d1a88c-b3ba-459f-a751-c10d5a452a8b.jpg,0
527,網路上的資訊五花八門，並非都適合各年齡層的使用者，以下哪一種屬於未滿 18 歲適合瀏覽的網站內容？,"['色情影片。', '線上簽賭。', '情色文學。', '益智遊戲節目。', None]",/Image/a2805750-2a41-489d-8fe4-bf711ec9e95f.jpg,3
528,在網路上散布不當的文字或影片內容可能涉及違法行為，以下哪一種行為不違法且合乎禮儀？,"['虐待動物的圖片、影片。', '霸凌他人的言論、影片。', '轉貼或販賣色情猥褻圖文影片、自拍猥褻內容。', '到美食餐廳經店家同意後，在注意拍攝時間的情況下，進行美食照片拍攝與分享。', None]",/Image/10eb5e32-c405-4daf-9200-cfa43c23b487.jpg,3
529,國小學童使用手機上網的比例已越來越高，為避免學童接觸不適合其年齡觀看的網路內容，家長應當如何因應？,"['只允許小孩上網觀看動畫影片。', '在電腦與手機上安裝過濾軟體，例如教育部網路守護天使程式。', '限制小孩上網的時間，小孩只能觀看電視。', '採取封閉的態度禁止小孩接受多元的資訊。', None]",/Image/efa7c5a9-2ec8-4104-b193-3f81a533dbe2.jpg,1
531,當我們在瀏覽網頁時，螢幕畫面突然出現「是否已滿18歲」的彈跳視窗，這種狀況代表什麼意思？,"['該網頁內容可能含有成人內容，禁止未滿18歲使用者觀看。', '一種新的網站驗證碼機制。', '表示網站已遭受駭客攻擊，點擊該視窗可能會造成設備的危害。', '網站正在對使用者的年齡進行調查統計。', None]",/Image/2f21029c-05d4-4901-a94c-397d30c0985d.jpg,0
532,打擊網路不實資訊的方法，「不包括」以下哪一項？,"['不查驗。', '不製造。', '不散播。', '不輕信。', None]",/Image/5d81ccd8-a1ae-48df-8b0f-483c58ed36af.jpg,0
533,在公眾場合想要連接無線網路時，如果手機搜尋到無須密碼驗證的Wi-Fi熱點，以下哪一種行為較恰當？,"['免費的Wi-Fi很方便，所以可以放心使用。', '偷偷連線，但最好不要超過10分鐘。', '不要使用，因為透過不明連線傳輸資料，可能會被竊取。', '可以使用，並分享給身邊的朋友一起使用。', None]",/Image/b22258ed-4825-4c33-8786-850031dfc10d.jpg,2
534,阿米在網路上購物想要透過線上刷卡的功能進行付款，請問在輸入信用卡資料時，下列哪一種是需要注意的資訊安全事項？,"['信用卡到期日是否有效。', '注意網站是否採用安全的加密連線。', '信用卡額度是否超額。', '信用卡是否有現金回饋。', None]",/Image/9fef5990-d778-4e7f-acb3-4282c061c479.jpg,1
535,阿志買了一臺新的筆記型電腦，以下哪一項行為對筆記型電腦的資安防護「沒有」幫助？,"['安裝防毒軟體。', '開啟防火牆設定。', '安裝通訊軟體。', '設定作業系統自動更新。', None]",/Image/c3dddcb5-2e3b-40d9-848b-b525f6f558db.jpg,2
536,使用需要登入帳號密碼以及填寫信用卡號的網站，為避免帳號及密碼等重要資訊被竊取，要注意網站連線應採用哪一種協定比較安全？,"['ftp。', 'http。', 'telnet。', 'https。', None]",/Image/61ebc287-8f85-417d-823d-11ab6700f5af.jpg,3
537,小安自行重灌電腦，在安裝軟體時，以下哪一種行為是正確的？,"['盡量選擇網路論壇提供的免費軟體。', '購買與使用正版的軟體。', '以個人需求為主要考量，盜版軟體也很好用。', '下載他人製作好的一鍵安裝包。', None]",/Image/70a36c25-fb9e-48c2-8138-10403fbf8f41.jpg,1
538,使用網路時，下列哪一項行為「不會」涉及違法？,"['散布或轉貼色情猥褻圖文或影片。', '在公開論壇、留言版散布誹謗他人言論。', '讀完某本書後，在社群網站發表自己的心得感想。', '在網路販賣從日本帶回的藥膏或胃散等藥品。', None]",,2
539,以下哪一種網路內容較適合未滿 18 歲者瀏覽？,"['具有學習功能的線上遊戲平臺。', '以文字、圖畫或攝影描繪性行為之內容。', '過多描述賭博或吸毒之內容。', '犯罪行為或自殺過程。', None]",,0
540,影音平臺常會依照使用者觀看影片的類型，推薦其他類似影片，當發現推薦的影片涉及裸露色情內容時，下列哪一項處理方式較適宜？,"['把影片網址轉寄給親朋好友。', '使用影音平臺的檢舉功能，並說明你認為該影片不適當的原因，進行通報。', '不予理會。', '留言指責該影片檔案上傳者。', None]",,1
541,近來網路瘋傳「非洲豬瘟也會感染牛羊，人類也難倖免」收到這樣的資訊，應如何處理較合適？,"['馬上轉寄給親朋好友，請大家注意這個消息。', '再也不吃豬肉、牛肉和羊肉。', '上農委會網站查證訊息的正確性。', '為避免人類被傳染，應上網提倡全面撲殺豬隻。', None]",,2
542,網路上充斥各種資訊，以下哪一則網路資訊最可靠？,"['網友推薦的民俗療法。', '社群平臺瘋傳的「道路交通法規修法加重罰則」，內容表示紅燈右轉將罰5,400元。', '親友轉傳「臺灣高鐵宣布針對50歲至64歲熟齡客，票價為標準車廂對號座75折」訊息。', '食藥署闢謠專區的公告。', None]",,3
543,下列哪一項是安全下載App的行為？,"['官方市集上架的App一定安全，可以安心下載。', '先詳細閱讀App的說明、發布者、使用者評論內容，以及應用程式權限，再決定是否下載。', '知名又免費的遊戲App一定要安裝。', '下載照片編輯App，發現此App需要讀取聯絡人權限就應該允許。', None]",,1
544,以下哪一項「不是」手機感染惡意程式或病毒後，可能會發生的現象？,"['上網速度變快。', '手機帳單增加許多莫名的費用。', '出現要求付款的警告。', '手機聯絡人收到非預期的簡訊或電子郵件。', None]",,0
545,有關行動裝置的安全使用方式，以下敘述哪一項正確？,"['儘量使用公開又免費的無線Wi-Fi 網路。', '僅安裝來自可信任來源之軟體。', '為方便隨時使用，最好不要設定密碼保護。', '收到來自國稅局的稅務催繳簡訊，最好立刻點選訊息中的連結完成繳款，以免逾期受罰。', None]",,1
546,利用智慧型手機收發E-mail或使用社群服務需要登入帳號與密碼，通常這些服務也都有自動記憶密碼的功能。請問，以下敘述哪一項正確？,"['應定期變更登入密碼，或是發現帳號有異常登入情形時立刻變更密碼。', '只要密碼設定得夠複雜，就可以放心勾選自動記憶密碼。', '智慧型手機可以自動登入各項網路服務相當方便，應該全部的服務都選擇自動登入。', '最好設定記憶密碼及自動登入，以免自己忘記密碼。', None]",,0
547,公共場所提供免費無線網路已是一種趨勢，以下哪一項對公共場所提供的無線網路使用描述較適當？,"['公共場所提供的無線網路若不需設定連線密碼、無法確定是否為店家提供、或無法確定其安全性，建議不要隨意連結。', '如果有免費的無線網路可以使用，就不要使用需要付費的手機行動上網。', '最好隨時開啟手機上的自動無線網路連線功能，就可以自動尋找熱點，隨時連線。', '知名飯店的免費無線網路安全性一定沒問題，可以放心使用。', None]",,0
548,部分駭客專門入侵無線上網民眾的電腦，再破解電腦內儲存的密碼與信用卡資訊，所以當使用沒有加密的無線Wi-Fi上網時，最好「不要」從事哪些行為？,"['登入網路銀行進行轉帳。', '查詢美食餐廳。', '瀏覽政府單位網頁。', '查詢上檔電影評價及影廳播放場次。', None]",,0
549,珊珊到一家提供Wi-Fi上網的餐廳用餐，關於Wi-Fi上網的安全性，下列哪一件事是珊珊最應該注意的？,"['店家是否有提供插座讓客人手機充電。', 'Wi-Fi連線是否穩定。', '店家是否有限制用餐時間。', 'Wi-Fi是否使用加密連線。', None]",,3
550,在家裡使用無線Wi-Fi上網時，以下哪一項描述正確？,"['使用鄰居未加密的無線網路，方便又可以省錢。', '應落實網路設備的定期韌體更新。', '為避免忘記Wi-Fi連線密碼，最好設定4碼就好。', '新買的無線路由器不能重新設定SSID（無線網路名稱），以免無法使用。', None]",,1
551,根據2018年的調查發現，市售 83%無線路由器均有安全性的問題，其中 23% 還是列為高風險或是重大風險的漏洞。以下哪一項做法可增加家用無線網路的連線安全性？,"['不隨意變更無線路由器的SSID（無線網路名稱）。', '將Wi-Fi連線密碼設定為家裡的電話號碼，方便家人使用。', '將無線網路設定為WPA2加密。', '避免更新網路設備韌體。', None]",,2
552,掃描QR Code之前，最好先確認是否來自於可信任的來源及廣告商，其原因「不包括」下列哪一項？,"['避免手機鏡頭損壞。', '避免被帶到惡意網站或色情網站。', '避免自動下載病毒或惡意軟體。', '避免個人帳號密碼被竊取。', None]",,0
553,以下哪一項屬於我國「個人資料保護法」所列特種個資？,"['健康檢查報告。', '身分證號碼。', '財務情況。', '護照號碼。', None]",,0
554,消費者陳小姐申訴，她於航空公司官網訂購機票後，接到自稱航空公司的人，對她身分證字號及相關訂票資訊細節瞭若指掌，造成她按照指示到ATM操作，結果一天之內被詐騙了52萬元。消費者若遇到類似情形應如何處理較安全？,"['對方既然都清楚我的資料，應該不會是詐騙，所以要趕快配合對方的指示。', '馬上向航空公司求證，並更改會員密碼。', '請對方先留電話，再打過去確認是否為詐騙。', '先轉帳後再跟航空公司求證。', None]",,1
555,以下哪一項屬於個資外洩的情況？,"['連鎖速食龍頭訂餐系統，會員在自己帳戶內的「地址資料庫」，看到其他人的手機地址等個資。', '在網路上可以查詢到大學教師之學歷、專長。', '為舉辦家族旅遊，將親友資料提供給保險公司辦理保險。', '在社群平臺或部落格公開自己的學經歷及居住地點。', None]",,0
556,為了避免個人資料外洩，無論在實際生活或是網路虛擬活動中，都應該要妥善保管個人資料，下列哪一項屬於正確的做法？,"['瀏覽網頁時不必在意網頁是否有隱私權聲明。', '將自己的社群網站帳號密碼張貼在辦公桌方便查閱。', '商業公司以營利為主，不必花費成本保護客戶的隱私。', '避免在社群網站提供完整且詳細的個人資料。', None]",,3
557,以下哪一種方式可以降低社群平臺帳號被盜用的風險？,"['將社群平臺官方傳來的帳號認證碼轉傳給親友協助保管。', '關閉「允許自其他裝置登入」的功能。', '保持登入的狀態，避免登出系統。', '避免更新系統版本。', None]",,1
558,新聞常報導個人網路相簿的密碼遭破解，造成私密相片外流的事件。請問有關密碼的設定，以下哪一項正確？,"['避免將所有網路服務的密碼都設為相同。', '為避免忘記密碼，最好不要隨意變更。', '使用自己的身分證字號或出生年月日設為密碼，比較不會忘記。', '設定簡單能快速打完的密碼，以免輸入時被旁人偷看到。', None]",,0
559,若手機出現問題須送修，在送修前應注意那些事項？,"['備份相關資料，並將手機內串連的帳號等個人檔案清除。', '為避免忘記帳號密碼，送修前不要登出。', '只要維修價格便宜，不需考量相關安全性。', '檔案備份太花時間，直接送修沒關係。', None]",,0
560,使用社群網站時，以下哪一項行為有助於個人資料的保護？,"['使用完畢後應避免登出帳號。', '養成隨時隨地打卡上傳的習慣。', '提供完整且詳細的個人資料。', '將社群網站的發文設定不公開、僅限好友觀看，並留意發文內容的隱私權。', None]",,3
561,使用公用電腦從事網路活動時，請問下列哪一項網路行為較「無」資訊安全或個人資料外流的考量？,"['查詢公車班次。', '登入電子郵件信箱。', '線上購物。', '社群網站發文。', None]",,0
562,使用公用電腦查詢資料時，以下哪一種方式才是安全的做法？,"['使用未掃毒的隨身碟傳輸資料。', '不在公用電腦上輸入機密資訊，如登入網頁的帳號密碼。', '將含有個資的檔案儲存在公用電腦，方便下次使用。', '使用時發現有不明程式自動執行也不需在意。', None]",,1
563,以下哪一項是在網路使用信用卡付款的可能風險？,"['卡號資訊外流。', '帳戶金額增加。', '信用卡帳單應繳金額變少。', '信用額度提升。', None]",,0
564,當你主動於購物網站留下自己的個人資料，以下哪一種行為符合個人資料保護法中「合理使用」之規範？,"['網站管理人員透過個人權限取得你的手機資料，並與你聯繫希望能作朋友。', '未經同意將你的個人資料提供給關係企業。', '經你同意後將周年慶促銷電子報傳送給你。', '依據你的訂單資料，寄送不屬於你訂購的商品給你。', None]",,2
566,上百位好萊塢女星因雲端儲存空間密碼被破解，導致個人的私密照片在網路上外流。下列哪一項可能是導致其隱私外洩的主要原因？,"['使用不安全、容易被破解的密碼。', '私密資料夾設定存取密碼。', '設定足夠複雜度密碼。', '定期更新密碼。', None]",,0
567,某位網路紅人因重製影片被控告侵權，當事人認為其作品符合著作權的合理使用原則，下列哪一項屬合理使用之判斷基準？,"['利用結果有沒有可能降低消費者經由合法的管道取得該著作之意願。', '未向觀眾（聽眾）收費即屬合理使用。', '由當事人自行判斷。', '由觀眾（聽眾）決定。', None]",,0
568,有關社群平臺與著作權議題，以下描述哪一項正確？,"['使用社群平臺的分享功能，單純分享文章或圖片的連結，不會有侵權問題。', '未經作者同意，可以直接將他人的圖文截圖放在自己的社群平臺頁面。', '上網搜尋到的可愛畫作，可以拿來當做自己的社群平臺大頭貼。', '社群平臺本身的「分享」機制是透過臉書之自動運作，導向原始貼文，會有著作權侵害的問題。', None]",,0
569,以下哪一項屬於侵犯著作權的行為？,"['利用通訊軟體傳送唱片公司公開之歌手MV網址給好友。', '在網頁瀏覽著作財產權人自行上載供大眾觀賞的創作影片。', '個人單純利用YouTube觀看影片或欣賞音樂。', '使用 P2P 軟體下載有版權的電影或音樂。', None]",,3
570,我國著作權法所保護的著作須符合以下哪一項要件？,"['經過重製。', '具有原創性。', '具有主觀化的一定形式。', '向智慧財產局提出註冊申請。', None]",,1
571,與同事透過通訊軟體討論公務時，傳送下列哪一種資料比較「沒有」風險？,"['登入公司網站的帳號密碼。', '與工作相關的新聞報導。', '人事檔案資料。', '公司的財務報表。', None]",,1
572,不肖人士常會利用通訊軟體進行詐騙與攻擊，以下哪一項為正確的通訊軟體使用習慣？,"['朋友越多越好，收到陌生人的好友邀請不需要確認直接同意。', '朋友帳號傳來的檔案一定沒問題，不需確認直接接收。', '為了方便聯繫，帳號ID應使用自己的電話號碼。', '不點擊陌生人傳來的不名網址。', None]",,3
573,關於員工將私人隨身碟帶到公司使用的行為，以下敘述哪一項正確？,"['可以幫公司省下購置隨身碟的費用，應該大大鼓勵。', '現在很多隨身碟有加密功能，不怕資料被竊取，所以可以隨意放置。', '公司的資料備份應使用員工私人的隨身碟。', '可能造成公司電腦感染病毒，最好禁止使用。', None]",,3
574,雲端服務為現代講求時效性的工作者帶來彈性與便利，但近期發生不少用戶資料、私密照外洩事件，有關雲端服務下列敘述哪一項正確？,"['不將機密文件或私密照片上傳至雲端硬碟。', '為方便隨時存取檔案，將所有資料都上傳至雲端硬碟。', '雲端服務具有100%的安全性。', '雲端帳號和密碼不需常更換，以免忘記無法登入。', None]",,0
575,隨著 4G 行動網路的普及以及智慧型手機應用的多元，以下哪一項是使用智慧型手機上網時應注意的事項？,"['手機不會中毒，所以不需要安裝防毒軟體。', '很多論壇上提供破解版的App，所以不需在官方下載付費的App。', '將私密照片存在手機是最安全的方式。', '下載App前，可先參考評論，並注意App 所要求的權限是否合理。', None]",,3
576,使用者若連結到被植入惡意程式的網站時，下列敘述哪一項正確？,"['使用者的電腦可能淪為挖礦工具。', '行動裝置不會中毒所以不用擔心。', '只要沒有輸入個人資料，就不會有任何損失。', '只要電腦有安裝防毒軟體與防火牆，就安全無虞。', None]",,0
577,網路購物雖然便利，但也隱藏了許多資安風險，以下哪一種行為「無法」提高網路購物的安全性？,"['購物前先確認網站的URL是否為官方網址。', '向銀行申請信用卡刷卡即時通知服務。', '定期更改購物網站的會員登入密碼。', '購物前貨比三家，只在售價最低的網站下單。', None]",,3
578,熱門的新聞事件常常成為駭客散播病毒的工具，所以平時應該如何防範？,"['定期更新電腦作業系統與軟體修補程式。', '只點選親友傳來的新聞連結。', '避免閱讀任何新聞報導。', '關閉電腦的防毒軟體。', None]",,0
579,有關通訊軟體的使用，以下哪一種方式比較適當？,"['請旅行社辦理護照時，使用通訊軟體傳送自己的身分證檔案。', '為避免太多組帳號密碼容易忘記，最好把通訊軟體和其他網路服務都設定相同的密碼。', '新增很多聯絡人，發揮使用效益。', '盡可能不要在群組分享敏感話題，以避免對立與衝突。', None]",,3
580,曾有新聞報導某位擁有高學歷且事業有成的女性，在網路上遇到謊稱高富帥的男性，以共創結婚基金為由誘騙投資，遭騙光積蓄後才恍然大悟。當網路戀愛過程中發生以下哪些情況時，就該提高警覺？,"['對方每天定時問候且主動告知行蹤。', '聯繫一段時間後，積極約你出來參加公益路跑活動。', '對方曾提及的背景資料，在網路上都可以查詢到。', '行蹤神祕，只主動聯絡你而不讓你聯絡他。', None]",,3
581,林姓男子透過交友軟體認識女學生小美，其藉機拍下小美的清涼照並上傳到網站。請問林男在此案例中，可能觸犯哪一項刑責？,"['刑法傷害罪。', '刑法妨害秘密罪。', '刑法剝奪他人行動自由罪。', '個人資料保護法。', None]",,1
582,與網友互動一段時間後，對方想邀約見面，初次見面若對方出現以下哪一項行為，你應該提高警覺？,"['邀請你參加當紅樂團的演唱會。', '主動向你明確告知感情狀況。', '帶你出席好友的聚會，並認真將你介紹給大家。', '吹噓自己的財力，但逛百貨公司消費時卻要求你買單。', None]",,3
583,以下關於網路交友的敘述哪一項正確？,"['登入交友網站需謹慎，應避免洩漏個人隱私資料。', '網路交友存在太多危機，如詐騙和性侵案件，應該全面禁止。', '網路交友可以取代實際的交友管道。', '網路交友只會出現在異性之間。', None]",,0
584,下列哪一種症狀出現時可能是網路沉迷，應提高警覺？,"['不能克制上網的衝動。', '每天規定自己上網時間不能超過1小時。', '網路購物只買需要的物品，且不會超過自己的支出額度。', '不能上網的時候就安排戶外活動或是閱讀。', None]",,0
586,人們透過匿名方式在網路上進行交流，以下敘述哪一項比較適當？,"['即使是匿名發言也不應該有謾罵、人身攻擊的言論。', '為了阻止他人不適當的言論，同樣用謾罵的方式制止。', '網路的匿名性讓我們可以任意發言攻擊別人。', '網路的言論無法掌控，所以多數的聲音就是正確的。', None]",,0
588,民眾收到官方帳號寄來的影音平臺消費通知郵件，點開之後發現和之前收到的信件格式略有不同，且夾帶附加檔案。請問下列處理方式，哪一項較適當？,"['開啟郵件後依照信件指示操作。', '打開附加檔案確認內容。', '點選郵件內連結以便查證，只要不輸入帳號密碼就好。', '向影音平臺的官方客服人員求證。', None]",,3
589,以下哪一種類商品可以在網路上進行販售，但必須要在管制範圍內進行？,"['酒類商品。', '彩券。', '健康食品。', '香菸。', None]",,2
590,請問使用通訊軟體時應注意的事項，下列敘述哪一項正確？,"['可透過通訊軟體與客戶討論業務機密。', '朋友透過通訊軟體要求代買東西，不需另外確認。', '親友傳來的檔案一定安全，可以馬上打開確認內容。', '設定英數字與符號混合的登入密碼。', None]",,3
591,網路沉迷的使用者會因過度使用網際網路服務，影響個人日常生活，以下哪一種狀態比較容易發生？,"['開車時習慣使用Google導航服務。', '沉溺於網路遊戲而忘記吃飯。', '將個人大量生活照片上傳至雲端空間。', '每天固定時間上網不熬夜。', None]",,1
592,長時間沉迷上網容易造成生理傷害，可能導致以下哪一種狀況？,"['近視數度減少。', '神清氣爽。', '手腕關節發炎。', '容光煥發。', None]",,2
593,沉迷於網路的使用者，其生活容易受到影響，而導致作息的不正常，因此可能出現哪一種狀況？,"['常常睡不飽，且沒使用網路就會焦躁易怒。', '專注力提升，學習效率增加。', '用餐次數減少，達到健康減肥塑身的效果。', '養成早睡早起的習慣。', None]",,0
594,有些人喜歡上網追劇，常常因此忘了時間，對於這樣的行為，以下敘述哪一項正確？,"['最好培養其他的休閒娛樂或運動嗜好，多到戶外活動。', '只要吃飯睡覺時間正常，其他時間都在上網追劇也沒關係。', '上網追劇並不算是網路沉迷的行為。', '上網追劇才能和其他人有共同的話題，有助於社交，所以不需要限制上網的時間。', None]",,0
595,下列哪一種方式可減少網路沉迷的狀況發生？,"['控制使用電腦或手機的時間，多多參與戶外活動。', '禁止玩線上遊戲。', '嚴選有助身心靈成長的網路影片。', '只在有限時特惠的時段進行網路購物。', None]",,0
596,小明在家習慣長時間玩線上遊戲與觀看網路影片，可能已有下列哪一種傾向？,"['憂鬱症', '網路沉迷', '自閉症', '社交恐懼症', None]",,1
597,在網路上發表文章時，以下哪一種行為是正確的？,"['為了真相，可以公開他人的隱私。', '應注意遣詞用字，保持禮貌用語，與網友互相交流。', '為了讓民眾能夠正視該議題，編造假訊息也是不得已的做法。', '張貼具有威脅性或攻擊性的文字、圖片。', None]",,1
598,基於個人隱私，在社群網站打卡上傳照片時，應該注意什麼？,"['標註朋友名稱時，是否已獲得對方同意。', '照片是否清晰。', '照片中是否將朋友都標示進去，沒有遺漏。', '所在位置是否可以上網。', None]",,0
599,回覆他人電子郵件時，以下哪一種行為「不符合」網路禮儀？,"['信件寄出之前，再次閱讀自己所寫的文字，確認無錯字後送出。', '同封郵件重複寄送以確保對方一定可以收到。', '信件寄出前，檢查信件是否有需要夾帶附件檔案。', '注意稱謂用詞是否正確。', None]",,1
600,在社群網站和朋友互傳訊息，分享生活點滴，下列哪一種行為應該「避免」？,"['就事論事發表意見，避免嘲諷他人。', '妥善設定貼文的隱私權保護選項。', '私訊傳送有裸露、煽情的圖片', '友善的與其他人互動。', None]",,2
602,回覆他人電子郵件，以下哪一種行為較為恰當？,"['錯字連篇，詞不達意。', '重複寄送相同內容信件。', '確認信件內容與附件無誤之後，才將信件送出。', '直接按全部回覆，不論回覆內容是否適合讓其他收件者收到。', None]",,2
604,請問在自己的網站上公開播放知名動畫電影主題曲，是否會違反著作權法？,"['只播放副歌就不會違法。', '已購買電影原聲帶，所以屬於合理使用的範圍。', '在沒有取得著作權人授權的情況下就有違法的可能。', '此為幫忙電影打廣告的行為，所以不會違法。', None]",,2
605,在個人的筆記型電腦上安裝軟體時，下列哪一種作法比較合適？,"['安裝從合法管道取得的正版授權軟體。', '到網路上搜尋與下載網友分享的破解版本。', '從公司複製軟體光碟回家使用。', '跟好朋友商借正版軟體光碟片。', None]",,0
606,駭客常常利用釣魚網頁或社交工程信件，惡意偷取使用者的帳號與密碼，其主要用意可能與下列哪一項「無關」？,"['假冒受害者的身分進行其他攻擊行為。', '提醒使用者的個人資安防護意識。', '在黑市販售被盜的帳號。', '藉機盜取信用卡號碼等隱私資料。', None]",,1
607,近期常常發現有不肖份子假借官方名義，以提供免費貼圖的資訊誘騙使用者加入好友，意圖獲取當事人的個資，我們應該如何識別？,"['提供熱門的貼圖才是真正的官方活動。', '辨別該帳號是否為即時通訊平臺認證的官方帳號。', '好友轉貼的活動資訊，不至於上當受騙。', '只參與自己喜歡的熱門貼圖贈送活動。', None]",,1
608,小明收到主旨為「立即填問卷限量送最新款手機」的電子郵件，下列哪一種做法比較合適？,"['立即轉寄給親朋好友。', '到網路上搜尋相關資料，確認此封信的真實性。', '立即填寫問卷，並留下個人聯絡資料以便收到獎品。', '為了以後可以常常抽獎，可以將此寄件者的信件歸類到信任郵件名單。', None]",,1
609,有民眾在拍賣網站以市價三折的價格標到最新型的智慧型手機，匯款後賣家帳號一直沒有回應，才驚覺受騙。請問下列針對網拍購物安全的敘述哪一項較為正確？        ,"['只與沒有負評的賣家交易。', '積極的向賣家詢問商品的細節。', '慎選優良網站與賣家，且低於市價太多的商品要小心查證。', '採用網路銀行轉帳給對方比較安全。', None]",,2
610,部分民眾已經非常習慣網路購物的消費模式，請問，下列哪一項與網路購物的安全最具關連？,"['店家商品的數量多寡。', '購物平臺是否有安全信賴的付款機制。', '店家商品的價格高低。', '店家是否提供免運費服務。', None]",,1
611,網路購物平臺眾多，消費者遇到網路詐騙或交易糾紛的機會也隨之升高，採取哪一種購物方式較能「避免」受騙？,"['挑選可以分期付款的網路商家。', '採取線上刷卡的交易方式。', '選擇知名的購物平臺，並且觀察賣家的評價及其他買家的留言再決定是否下單。', '選擇到貨速度最快的網路商家下單。', None]",,2
